gene_name	regulator	sign
tkt	spo0A	-1
tkt	lexA	0
yceI	nadR	-1
ybbC	sigE	1
ybbC	codY	0
ybbC	murR	0
ytxG	sigH	1
ytxG	sigB	1
gmuB	sigA	1
gmuB	gmuR	-1
gmuB	ccpA	-1
gmuB	abrB	1
dapA	sigK	1
dapA	sigA	1
dapA	L-box-LYS	1
perR	sigA	1
perR	perR	-1
spoIIIAH	sigE	1
spoIIIAH	gerR	-1
spoIIIAH	spoIIID	-1
spoIIIAH	gerE	-1
yycB	tnrA	-1
smc	sigK	1
smc	sigA	1
smc	stringent response	-1
smc	gerE	1
csfB	sigF	1
yheC	sigE	1
yheC	spoIIID	1
yuxO	sigA	1
yuzC	sigE	1
zosA	sigA	1
zosA	perR	-1
pyrE	sigA	1
pyrE	pyrR	1
pyrE	purR	-1
yjfA	sigE	1
yjgD	sigB	1
ydbD	sigB	1
yomJ	abrB	-1
spoVT	sigG	1
spoVT	sigF	1
spoVT	spoVT	-1
yhjE	lexA	-1
ykzD	sigG	1
yqdA	sknR	-1
yobN	sigE	1
yobN	spoIIID	-1
yobN	gerR	-1
yisI	sigK	1
yisI	sigE	1
yisI	spo0A	1
yuxH	sigA	1
yuxH	spo0A	-1
fadG	fadR	-1
araA	sigA	1
araA	ccpA	-1
araA	araR	-1
odhB	sigA	1
odhB	ccpA	-1
xpt	sigA	1
xpt	purR	-1
xpt	G-box-HXTX	1
xpt	G-box-GUA	1
rplD	stringent response	-1
lysA	sigG	1
lysA	sigA	1
lysA	spoVT	1
lysA	L-box-LYS	1
mrnC	sigA	1
mrnC	T-box-CYS	1
yobO	sigH	1
yobO	ccpA	-1
yobO	abrB	-1
hisD	hisR	0
qoxD	stringent response	-1
rpmEA	stringent response	-1
yneE	spo0A	1
yneE	lexA	0
yabP	sigE	1
yabP	sigX	1
yabP	sigW	1
yabP	spoIIID	-1
cspR	sigE	1
yqaG	sknR	-1
ligA	lexA	-1
katE	sigB	1
ydfF	ydfF	0
bglS	sigA	1
bglS	licT	1
bglS	ccpA	-1
bglS	degU	1
trpC	sigA	1
trpC	TRAP	-1
rnr	sigB	1
degS	sigA	1
metN	sigA	1
metN	S-box-SAM	-1
metN	codY	1
yvyF	sigD	1
yvyF	sigA	1
yvyF	comK	1
ywkF	sigK	1
comFC	sigD	1
comFC	sigA	1
comFC	comK	1
metI	sigA	1
metI	S-box-SAM	-1
metI	codY	0
ywzA	sigB	1
oppD	tnrA	1
oppD	scoC	-1
oppD	codY	0
ypiA	sigE	1
ypiA	spoIIID	-1
lipC	sigK	1
lipC	tnrA	1
lipC	kipR	-1
ydeL	yhdI/YdeL	0
amyD	ccpA	-1
amyD	msmR	0
dppB	sigA	1
dppB	codY	-1
dppB	abrB	-1
yxaJ	rok	-1
yxaJ	abrB	-1
ywbA	ccpA	0
ywbA	rbsR	0
yrkH	yrkD	0
ylaB	ylaC	1
ylaB	sigA	1
ylaB	spx	1
sdpB	spo0A	1
sdpB	rok	-1
sdpB	abrB	-1
fadA	sigA	1
fadA	sdpR	1
fadA	fadR	-1
fadA	ccpA	-1
csbC	sigB	1
yuiF	hisR	0
ywiE	sigB	1
csgA	sigG	1
csgA	spoVT	-1
ymaD	sigE	1
yitT	sigB	1
yvrL	yvrI-YvrHa	1
yisK	sigH	1
sigM	sigA	1
ylxX	sigM	1
ylxX	sigE	1
ylxX	sigA	1
ylxX	spoIIID	-1
appA.1	scoC	-1
appA.1	codY	-1
appA.1	tnrA	0
xpaC	sigW	1
ytbQ	birA	-1
comK	sigA	1
comK	spo0A	1
comK	rok	-1
comK	degU	1
comK	comK	1
comK	codY	-1
comK	abrB	-1
comK	med	1
iolB	sigA	1
iolB	iolR	-1
iolB	ccpA	-1
ykuN	sigA	1
ykuN	fur	-1
frr	stringent response	-1
patA	sigE	1
yrkN	yrkP	1
yraA	sigB	1
yraA	sigM	1
yraA	adhR	1
scr	sigA	1
sipW	sigA	1
sipW	sinR	-1
sipW	abrB	-1
sipW	spo0A	1
racA	sigH	1
racA	spo0A	1
yozE	sigE	1
lplC	ccpA	0
yfkH	sigB	1
yfkH	sigA	1
yxkO	sigB	1
pheS	sigA	1
pheS	T-box-PHE	1
thiN	sigE	1
ybfI	ybfI	0
spoVIF	sigK	1
spoVIF	gerR	1
spoVIF	gerE	1
ypbG	sigM	1
ypbG	sigK	1
ypbG	sigE	1
ypbG	spoIIID	-1
yesQ	yesS	0
yesQ	ccpA	0
murQ	codY	0
murQ	murR	0
stoA	sigE	1
stoA	sigG	1
stoA	spoIIID	-1
yqcI	sigK	1
tpiA	sigA	1
tpiA	cggR	-1
rsbU	sigB	1
rsbU	sigA	1
sspG	sigK	1
sspG	sigE	1
sspG	gerE	1
aprE	sigA	1
aprE	sinR	-1
aprE	scoC	-1
aprE	abrB	-1
aprE	tenA	1
aprE	degU	1
pcrB	lexA	-1
yufP	codY	-1
yqzC	spo0A	-1
yvcI	ccpA	-1
nagBA	sigA	1
nagBA	nagR	-1
nagBA	ccpA	-1
iseA	walR	-1
rpsNA	stringent response	-1
rplQ	stringent response	-1
epsN	sigA	1
epsN	sigH	1
epsN	sinR	-1
epsN	eAR	0
epsN	abrB	-1
dhbC	sigA	1
dhbC	fur	-1
dhbC	abrB	-1
yvmB	ccpA	-1
pstBB	phoP	1
trpS	T-box-TRP	1
ylbO	sigE	1
ylbO	spoIIID	1
groES	sigA	1
groES	hrcA	-1
yraD	sigG	1
purK	sigA	1
purK	purR	-1
purK	G-box-HXTX	1
purK	G-box-GUA	1
estA	abrB	-1
estA	spoIIID	1
yscB	sigD	1
yscB	abrB	-1
yxbG	sigB	1
ytnL	sigA	1
ytnL	ytlI	1
ytnL	cymR	-1
ytnL	spx	-1
sdhA	sigA	1
sdhA	fsrA	-1
sdhA	ccpA	-1
yvaB	sigG	1
yvaB	mhqR	-1
yvaB	spoVT	-1
rpsL	stringent response	-1
cdd	sigB	1
cdd	sigA	1
cdd	spo0A	1
leuD	sigA	1
leuD	tnrA	-1
leuD	fsrA	-1
leuD	codY	-1
leuD	ccpA	1
leuD	T-box-LEU	1
bacB	sigH	1
bacB	scoC	-1
bacB	codY	-1
bacB	abrB	-1
ylbQ	ccpA	0
yutH	sigE	1
yutH	sigF	1
yutH	spoIIID	-1
yvrE	sigB	1
yvrO	comK	1
yvrO	abrB	-1
cspD	ccpA	0
adaA	sigA	1
adaA	adaA	1
cwlS	sigH	1
cwlS	sigD	1
cwlS	ccpA	-1
cwlS	abrB	-1
cwlS	abh	-1
argJ	sigA	1
argJ	ahrC	-1
argJ	abrB	1
argJ	tnrA	0
yteU	rmgR	0
leuB	sigA	1
leuB	tnrA	-1
leuB	codY	-1
leuB	ccpA	1
leuB	T-box-LEU	1
yuxK	sigA	1
yuxK	codY	0
dctP	sigA	1
dctP	fsrA	-1
dctP	ccpA	-1
dctP	dctR	1
ywaC	sigW	1
ywaC	sigM	1
sigL	ccpA	-1
abnB	sigH	1
abnB	ccpA	-1
yhaL	sigE	1
hom	codY	0
ygaK	sigK	1
yllA	ccpA	0
yisN	sigF	1
rplU	stringent response	-1
rplU	L21_leader	0
cgeE	sigK	1
cgeE	gerE	1
ymfD	sigG	1
ymfD	mta	1
yqfA	sigW	1
lytH	sigK	1
patB	sigE	1
dps	sigB	1
rplGB	stringent response	-1
argF	sigA	1
argF	ahrC	-1
argF	abrB	1
argF	tnrA	0
metA	sigM	1
oxaAB	mifM	1
spoIIIE	sigA	1
acuC	sigA	1
acuC	ccpA	-1
acuC	codY	0
ybbH	codY	0
ybbH	murR	0
ywsB	sigB	1
ykoU	sigG	1
ykoU	spoVT	1
yvrA	RNA - Cobalamin	0
csbX	sigG	1
csbX	sigF	1
csbX	sigB	1
csbX	ccpA	-1
csbX	spoVT	-1
bdbB	yvrHb	1
bdbB	rok	-1
bdbB	abrB	-1
bdbB	abh	1
ydaH	sigM	1
prfB	sigA	1
gltX	sigA	1
citT	ccpA	0
dhbB	sigA	1
dhbB	fur	-1
dhbB	abrB	-1
yolC	lexA	-1
yolC	abrB	-1
nadC	sigA	1
nadC	nadR	-1
yodR	sigE	1
yokI	abrB	-1
yodT	sigE	1
ysnB	sigG	1
flhP	sigD	1
flhP	sigE	1
flhP	stringent response	-1
yxaH	qdor	-1
yxaH	lmrA	-1
ywcE	abrB	-1
yvlB	sigW	1
yvlB	abrB	-1
yqfZ	sigE	1
yqfZ	spoIIID	-1
rpsE	stringent response	-1
yhfQ	fur	-1
ansR	ansR	-1
ydbN	fur	-1
iolF	sigA	1
iolF	iolR	-1
iolF	ccpA	-1
yteS	rmgR	0
spoIIM	sigE	1
spoIIM	gerR	-1
spoIIM	gerE	-1
hisA	hisR	0
ptsI	sigA	1
ptsI	stringent response	-1
ptsI	glcT	1
leuA	sigA	1
leuA	tnrA	-1
leuA	codY	-1
leuA	ccpA	1
leuA	T-box-LEU	1
rok	spo0A	-1
rok	sinR	-1
rok	rok	-1
rok	abrB	-1
rok	comK	-1
rok	codY	0
radA	sigF	1
radA	sigB	1
radA	sigA	1
radA	ctsR	-1
opuBD	sigA	1
opuBD	gbsR	-1
opuBD	codY	0
opuBD	yvbF/YvaV	0
ymdB	sigK	1
trpA	sigA	1
trpA	TRAP	-1
yoaN	sigK	1
yoaN	gerE	-1
kinE	sigH	1
kinE	sigA	1
kinE	codY	0
yrkP	yrkP	1
gabP	sigA	1
gabP	tnrA	1
gabP	codY	-1
nasF	sigA	1
nasF	tnrA	1
nasF	resD	1
nasF	nsrR	-1
nasF	fur	-1
nasF	glnR	-1
nasF	arfM	0
nasF	codY	0
ydbT	sigW	1
asnO	sigE	1
asnO	sigK	1
asnO	spoIIID	1
mleA	ccpA	-1
mleA	ansR	-1
yodQ	sigE	1
proA	T-box-PRO	1
ydgH	lexA	-1
menE	sigA	1
ykzB	sigA	1
ykzB	tnrA	1
ykzB	phoP	1
yqaF	sknR	-1
ydbI	sigE	1
ydbI	spoIIID	-1
ydbI	rex	0
cspB	sigA	1
cspB	comK	0
araM	sigA	1
araM	ccpA	-1
araM	araR	-1
exlX	fur	-1
yacP	sigA	1
yacP	T-box-CYS	1
sspO	sigG	1
sspO	spoVT	1
sspO	codY	0
yrhC	sigK	1
yrhC	sigA	1
yrhC	spx	1
yrhC	cymR	-1
ybbF	codY	0
ybbF	murR	0
yacL	sigM	1
yacL	sigB	1
acuA	sigA	1
acuA	ccpA	-1
acuA	codY	0
yrdK	azlB	-1
yoaC	S-box-SAM	-1
hisG	hisR	0
copZ	csoR	-1
yxnA	sigB	1
kapB	sigA	1
kapB	stringent response	1
kapB	codY	-1
kapB	abrB	-1
lplD	ccpA	0
ydjM	walR	1
ydjM	phoP	1
ynaD	sigH	1
parE	lexA	-1
gerE	sigK	1
gerE	spoIIID	1
queC	preQ1 riboswitch	-1
ysdA	sigA	1
ysdA	stringent response	-1
ysdA	rplT	-1
tyrZ	T-box-TYR	1
yyaS	yybA	0
yufN	codY	-1
albC	sigA	1
albC	rok	-1
albC	resD	1
albC	abrB	-1
xynB	sigA	1
xynB	xylR	-1
xynB	ccpA	-1
comGC	sigA	1
comGC	comK	1
comGC	comZ	-1
yppF	codY	0
yxeK	sigA	1
yxeK	cymR	-1
yxeK	spx	-1
yitH	S-box-SAM	-1
glsA	sigA	1
glsA	glnL	1
glsA	ccpA	0
ycbG	ycbG	-1
ispF	sigM	1
ispF	sigB	1
sunA	yvrHb	1
sunA	rok	-1
sunA	abrB	-1
sunA	abh	1
purE	sigA	1
purE	purR	-1
purE	G-box-HXTX	1
purE	G-box-GUA	1
gbsA	gbsR	-1
ydfJ	sigA	1
ydfJ	ydfI	1
mntC	mntR	-1
ycnI	ycnK	-1
dltB	sigX	1
dltB	sigM	1
dltB	sigD	1
dltB	yvrHb	1
dltB	stringent response	-1
dltB	spo0A	-1
yorB	lexA	-1
trxB	spx	1
yydI	sigA	1
yydI	rok	-1
yydI	abrB	-1
yozF	sigG	1
metC	sigA	1
metC	S-box-SAM	-1
metC	codY	0
gntR	sigA	1
gntR	sigK	1
gntR	gntR	-1
gntR	ccpA	-1
gntR	abrB	1
gntR	ccpB	-1
flgB	sigD	1
flgB	sigA	1
flgB	spo0A	-1
flgB	codY	-1
sbp	sigM	1
sbp	sigE	1
sbp	sigA	1
sbp	spoIIID	-1
sbp	gerR	-1
yoaH	sigD	1
ysfB	sigG	1
ywdL	sigE	1
yycC	tnrA	-1
yckC	sigE	1
ssbB	comK	1
mtlR	ccpA	-1
mtlR	mtlR	0
ptb	sigL	1
ptb	codY	-1
ptb	bkdR	1
ptb	tnrA	-1
yfnD	sigK	1
yfnD	sigE	1
yfnD	gerR	-1
levR	sigL	1
levR	levR	1
levR	ccpA	-1
ylmC	sigE	1
ylmC	spoIIID	-1
sspM	sigG	1
fliM	sigD	1
fliM	sigA	1
fliM	spo0A	-1
fliM	codY	-1
srfAC	sigA	1
srfAC	spx	-1
srfAC	perR	1
srfAC	comA	1
srfAC	codY	-1
srfAC	abh	-1
rbsB	sigA	1
rbsB	ccpA	-1
rbsB	abrB	1
rbsB	rbsR	0
yraE	sigG	1
yqxJ	spo0A	1
yqxJ	abrB	-1
yvrB	RNA - Cobalamin	0
qcrB	resD	1
qcrB	abrB	-1
qcrB	ccpA	-1
tlpA	sigD	1
tlpA	abrB	-1
xsa	sigA	1
xsa	ccpA	-1
xsa	araR	-1
yveF	padR	-1
yqcF	spo0A	1
ywkB	sigA	1
ywkB	malR	1
ytcD	ytcD	0
resD	sigA	1
resD	resD	1
resD	phoP	1
resD	ccpA	-1
yugJ	spx	1
nrdI	sigA	1
nrdI	resD	1
nrdI	nrdR	0
yfhS	sigE	1
yfhS	sigG	1
yfhS	sigA	1
yfhS	yfhP	-1
yfhS	spoVT	-1
yfhS	rsfA	1
ybfP	sigW	1
ybfP	abrB	-1
iolJ	sigA	1
iolJ	iolR	-1
iolJ	ccpA	-1
yrkE	yrkD	0
pbpX	sigX	1
pbpX	sigM	1
pbpX	sigW	1
pbpX	lexA	0
frlM	frlR	-1
frlM	codY	-1
yqgY	ccpA	0
yezD	cymR	-1
ycgM	sigE	1
ycgM	spo0A	1
ycgM	putR	1
ycgM	codY	-1
ycgM	spoIIID	1
ycgM	ccpA	-1
yveG	padR	-1
ganR	lacR	0
yybI	sigE	1
ydjO	sigW	1
ydjO	sigE	1
abnA	sigA	1
abnA	ccpA	-1
abnA	araR	-1
rapF	sigH	1
rapF	comA	1
rapF	ccpA	-1
yolB	abrB	-1
yngHB	sigE	1
yngHB	spoIIID	-1
yngHB	ccpA	0
yocM	sigE	1
lpdV	sigL	1
lpdV	codY	-1
lpdV	bkdR	1
lpdV	tnrA	-1
ytfJ	sigF	1
narI	sigA	1
narI	fnr	1
gcvPB	Gly-box	-1
gcvPB	spoVT	1
gcvPB	T-box-GLY	-1
ycgN	sigE	1
ycgN	spo0A	1
ycgN	putR	1
ycgN	codY	-1
ycgN	spoIIID	1
ycgN	ccpA	-1
rplF	stringent response	-1
yopL	ccpA	-1
dacC	sigH	1
dacC	sigB	1
bacC	sigH	1
bacC	scoC	-1
bacC	codY	-1
bacC	abrB	-1
ycxC	ycxD	0
ctaD	sigA	1
ctaD	resD	1
ctaD	ccpA	-1
ctaD	abrB	-1
ctaD	abh	-1
ctrA	codY	-1
kinB	sigA	1
kinB	stringent response	1
kinB	codY	-1
kinB	abrB	-1
yhbJ	sigG	1
yhbJ	comK	1
yusE	spo0A	1
ysnF	sigB	1
yjfB	sigD	1
kamA	sigE	1
yesX	yesS	1
yesX	ccpA	0
sdpA	spo0A	1
sdpA	rok	-1
sdpA	abrB	-1
yngE	sigE	1
yngE	spoIIID	-1
yngE	ccpA	0
spsA	sigK	1
yozN	sigE	1
rsiX	sigX	1
rsiX	sigA	1
rsiX	yvrHb	1
yndF	sigG	1
yndF	spoVT	-1
spoIIGA	sigG	1
spoIIGA	sigF	1
spoIIGA	sigA	1
spoIIGA	spo0A	1
spoIIGA	sinR	-1
spoIIGA	spoVT	-1
spoIIGA	rsfA	1
spsF	sigK	1
ccpN	yqfL	-1
epsD	sigA	1
epsD	sigH	1
epsD	sinR	-1
epsD	eAR	0
epsD	abrB	-1
menB	sigA	1
mmgA	sigE	1
mmgA	ccpA	-1
mmgA	spoIIID	-1
ybfJ	sigE	1
accA	spo0A	1
yqhG	sigF	1
yqhG	lexA	0
ypbR	fur	-1
ypiF	sigH	1
ypiF	ccpA	-1
mreD	sigM	1
mreD	sigH	1
yphE	abrB	-1
lmrB	sigA	1
lmrB	lmrA	-1
lmrB	qdor	0
gcaD	sigA	1
gcaD	stringent response	-1
thiX	sigK	1
thiX	Thi-box	-1
yueE	sigK	1
jag	sigA	1
metE	sigA	1
metE	S-box-SAM	-1
ypqP.1	sigK	1
rapC	sigA	1
rapC	sigH	1
rapC	comA	1
rapC	codY	-1
ydaB	tnrA	0
yjzE	sigB	1
cydD	sigA	1
cydD	rex	-1
cydD	resD	1
cydD	ccpA	-1
xylA	sigA	1
xylA	xylR	-1
xylA	ccpA	-1
xylA	ccpB	-1
ylxP	sigB	1
ylxP	sigA	1
ylxP	stringent response	-1
ymfI	sigK	1
ydeC	sigB	1
lysS	sigA	1
sinI	sigA	1
sinI	sigH	1
sinI	spo0A	-1
sinI	scoC	-1
sinI	abrB	-1
sinI	sinR	-1
sqhC	sigE	1
spoIVCB	sigK	1
spoIVCB	sigE	1
spoIVCB	spoIIID	1
spoIVCB	gerE	-1
tpx	spx	1
yphF	abrB	-1
etfB	sigA	1
etfB	fadR	-1
etfB	ccpA	-1
appC	scoC	-1
appC	codY	-1
appC	tnrA	0
yncM	abrB	-1
ykzE	spoVT	1
yhaR	sigH	1
yhaR	ccpA	-1
rpsP	stringent response	-1
rapA	sigA	1
rapA	spo0A	-1
rapA	comA	1
rapA	codY	-1
xre	xre	-1
sspE	sigE	1
sspE	sigG	1
sspE	sigA	1
sspE	yfhP	-1
sspE	spoVT	-1
sspE	rsfA	1
yydG	sigA	1
yydG	abrB	-1
yydG	rok	-1
sunT	yvrHb	1
sunT	rok	-1
sunT	abrB	-1
sunT	abh	1
bkdB	sigL	1
bkdB	codY	-1
bkdB	bkdR	1
bkdB	tnrA	-1
spsD	sigK	1
yycP	sigK	1
yycP	sigE	1
yycP	phoP	1
iolI	sigA	1
iolI	iolR	-1
iolI	ccpA	-1
yitI	S-box-SAM	-1
ytlD	sigK	1
xtmB	xpf	1
ccdA	sigA	1
ccdA	sigH	1
ybdO	sigD	1
ybdO	abrB	-1
yabJ	purR	-1
ydaP	sigB	1
yngC	sigM	1
yngC	yclJ	1
gmuG	sigA	1
gmuG	gmuR	-1
gmuG	ccpA	-1
gmuG	abrB	1
yclA	bsdA	0
ctaF	sigA	1
ctaF	resD	1
ctaF	ccpA	-1
ctaF	abrB	-1
ctaF	abh	-1
sspB	sigG	1
sspB	spoVT	1
thrB	codY	0
lytD	sigD	1
lytD	sigG	1
ydaG	sigB	1
lrgB.1	ywbI	0
yulD	rhaR	0
fusA	stringent response	-1
alkA	sigA	1
alkA	sigE	1
alkA	adaA	1
clpX	sigA	1
clpX	ctsR	-1
sdpR	sigA	1
sdpR	sdpR	-1
sdpR	abrB	-1
yfhD	sigB	1
yfhD	sigF	1
yfhD	sigG	1
yfhD	spoVT	1
ptsH	sigA	1
ptsH	stringent response	-1
ptsH	glcT	1
spo0B	sigA	1
ntdC	sigA	1
ntdC	sigE	1
ntdC	ntdR	1
ntdC	gerR	-1
purB	sigA	1
purB	purR	-1
purB	G-box-HXTX	1
purB	G-box-GUA	1
cotB	sigK	1
cotB	sigE	1
cotB	gerR	1
cotB	gerE	1
ilvE	codY	-1
atpD	stringent response	-1
clpY	sigA	1
clpY	codY	-1
ribH	sigK	1
ribH	sigA	1
ribH	FMN-box	-1
yqdB	sigA	1
yqdB	ratA	-1
racX	sigW	1
racX	abrB	-1
mlpA	sigE	1
mlpA	spoIIID	-1
yjbO	sigG	1
yerI	abrB	-1
disA	sigM	1
disA	sigF	1
disA	sigB	1
disA	sigA	1
disA	ctsR	-1
abfA	sigA	1
abfA	ccpA	-1
abfA	araR	-1
ylmG	spo0A	-1
aspS	T-box-HIS	1
aspS	T-box-ASP	1
yxiO	phoP	1
yfhL	sigW	1
yfhL	sigB	1
radC	sigM	1
radC	comK	1
rplNA	stringent response	-1
yjaU	sigK	1
yxkC	sigD	1
yxkC	tnrA	1
cotSA	sigK	1
gerPC	sigK	1
gerPC	gerE	-1
spo0A	sigH	1
spo0A	sigA	1
spo0A	spo0A	-1
spo0A	sinR	-1
spxA	sigX	1
spxA	sigW	1
spxA	sigM	1
spxA	sigB	1
spxA	sigA	1
spxA	perR	-1
spxA	yodB	-1
fliL	sigD	1
fliL	sigA	1
fliL	spo0A	-1
fliL	codY	-1
bacD	sigH	1
bacD	scoC	-1
bacD	codY	-1
bacD	abrB	-1
yfkJ	sigB	1
yfkJ	sigA	1
bipA	stringent response	-1
ald	sigA	1
ald	adeR	1
ytcQ	ccpA	0
ytcQ	rmgR	0
yjdF	manR	1
yesP	yesS	0
yesP	ccpA	0
nasA	sigA	1
nasA	tnrA	1
nasA	glnR	-1
nasA	T-O2	1
ybgB	sigY	1
hrcA	sigA	1
hrcA	hrcA	-1
hrcA	arfM	0
fliY	sigD	1
fliY	sigA	1
fliY	spo0A	-1
fliY	codY	-1
pucL	sigA	1
pucL	tnrA	1
pucL	pucR	1
gutB	sigA	1
gutB	gutR	1
treA	sigA	1
treA	treR	-1
treA	phoP	1
treA	ccpA	-1
ylbC	sigF	1
ylbC	ccpA	0
acoL	sigL	1
acoL	sigK	1
acoL	ccpA	-1
acoL	acoR	1
cheY	sigD	1
cheY	sigA	1
cheY	spo0A	-1
cheY	codY	-1
mapA	stringent response	-1
pdhC	sigA	1
pdhC	stringent response	-1
prpB	sigE	1
prpB	ccpA	-1
prpB	spoIIID	-1
trmU	sigA	1
trmU	stringent response	-1
ntdA	sigA	1
ntdA	sigE	1
ntdA	ntdR	1
ntdA	gerR	-1
yddJ	abrB	-1
dltE	sigX	1
dltE	sigM	1
dltE	sigD	1
dltE	yvrHb	1
dltE	stringent response	-1
dltE	spo0A	-1
oppA	tnrA	1
oppA	scoC	-1
oppA	codY	0
aag	sigB	1
nprE	scoC	-1
nprE	abrB	-1
nprE	tenA	1
nprE	paiB	-1
nprE	degU	1
yraF	sigG	1
dnaK	sigA	1
dnaK	hrcA	-1
dnaK	arfM	0
ysnE	sigE	1
ysnE	tnrA	0
fadB	sigA	1
fadB	fadR	-1
fadB	ccpA	-1
ycsI	sigK	1
ycsI	tnrA	1
ycsI	kipR	-1
galE	sigA	1
mccB	sigK	1
mccB	sigA	1
mccB	spx	1
mccB	cymR	-1
ytpP	spx	1
ydaD	sigB	1
ydaK	sigB	1
pucK	sigA	1
pucK	tnrA	1
pucK	pucR	1
ylmE	spo0A	-1
spoIVCA	sigE	1
spoIVCA	spoIIID	1
spoIVCA	gerR	-1
ytrC	sigA	1
ytrC	ytrA	-1
xkdK	xpf	1
spoVAEB	sigG	1
spoVAEB	spoVT	1
ylzI	sigD	1
ylzI	sigA	1
ylzI	spo0A	-1
ylzI	codY	-1
lytE	sigI	1
lytE	sigH	1
lytE	sigA	1
lytE	walR	1
lytE	spo0A	-1
yesZ	yesS	1
yesZ	ccpA	0
ydjP	sigW	1
ydjP	sigE	1
appD	scoC	-1
appD	codY	-1
appD	tnrA	0
spoIIQ	sigF	1
spoIIQ	codY	0
mtnA	sigA	1
mtnA	S-box-SAM	-1
mecA	sigA	1
yocN	sigE	1
hemD	sigA	1
hemD	perR	-1
gerBA	sigG	1
gerBA	spoVT	-1
glyS	T-box-GLY	1
mtnB	sigA	1
mtnB	S-box-SAM	-1
levB	sigA	1
levB	sacY	1
levB	degU	1
levB	tenA	1
levB	sacT	1
ypjB	sigE	1
ypjB	spoIIID	-1
yqzL	tnrA	0
bltD	sigA	1
bltD	mta	1
bltD	bltR	1
ypfB	sigF	1
yhdA	sigA	1
yhdA	sigE	1
yhdA	liaR	1
ylxL	sigD	1
ylxL	sigA	1
ylxL	spo0A	-1
ylxL	codY	-1
ycbJ	ycbG	-1
ycbJ	abrB	-1
ykvU	sigE	1
ykvU	sigG	1
ykvU	spoIIID	-1
yfhA	fur	-1
guaC	sigK	1
guaC	sigA	1
guaC	purR	-1
guaC	codY	1
tcyL	sigA	1
tcyL	ytlI	1
tcyL	cymR	-1
tcyL	spx	-1
gmuF	sigA	1
gmuF	gmuR	-1
gmuF	ccpA	-1
gmuF	abrB	1
adhA	adhR	1
mntH	mntR	-1
ycbC	ycbG	-1
rtpA	sigA	1
rtpA	T-box-TRP	1
rtpA	TRAP	-1
alsD	sigA	1
alsD	stringent response	1
alsD	rex	-1
alsD	alsR	1
alsD	ccpA	1
alsD	arfM	1
sspF	sigG	1
bglP	sigA	1
bglP	licT	1
bglP	ccpA	-1
sigA	sigH	1
sigA	sigD	1
sigA	sigB	1
sigA	spo0A	-1
comEC	sigA	1
comEC	comN	0
comEC	comK	1
galK	ccpA	-1
yfmP	sigA	1
yfmP	yfmP	-1
yocB	sigB	1
racE	sigK	1
gudD	ycbG	-1
lepA	sigA	1
lepA	arfM	0
prs	sigA	1
prs	stringent response	-1
yoaD	S-box-SAM	-1
infB	sigA	1
infB	stringent response	-1
bdhA	abrB	-1
yvyD	sigH	1
yvyD	sigB	1
minD	sigM	1
minD	sigH	1
ycdA	degU	1
ycdA	abrB	-1
ycdA	abh	-1
xkdG	xpf	1
spoVS	sigH	1
spoVS	codY	0
yqeW	sigE	1
yqeW	spoIIID	-1
araD	sigA	1
araD	ccpA	-1
araD	araR	-1
glcD	ccpA	0
ywdK	tnrA	-1
glpP	ccpA	-1
msrA	spx	1
oppF	tnrA	1
oppF	scoC	-1
oppF	codY	0
exoAA	sigG	1
spsC	sigK	1
spoVD	sigE	1
spoVD	spoIIID	-1
thiQ	Thi-box	-1
spoIIAA	sigH	1
spoIIAA	sigG	1
spoIIAA	sigF	1
spoIIAA	spo0A	1
spoIIAA	sinR	-1
spoIIAA	abrB	-1
spoIIAA	spoVT	-1
yodP	sigE	1
efeN	sigX	1
efeN	sigW	1
efeN	sigM	1
efeN	fur	-1
yqxD	sigH	1
yqxD	sigB	1
yqxD	sigA	1
yqxD	sigD	1
yqxD	spo0A	-1
ykuV	abrB	-1
uvrA	lexA	-1
yheD	sigE	1
yheD	spoIIID	1
ydhK	sigB	1
ydhK	csoR	0
yoeA	sigH	1
nin	comK	1
ycxD	ycxD	0
yqaN	sigK	1
yqaN	sknR	-1
yqzG	sigF	1
yqzG	abrB	-1
yceH	sigX	1
yceH	sigW	1
yceH	sigM	1
yceH	sigB	1
yceH	sigA	1
glgP	sigE	1
glgP	sigH	1
yveA	sigG	1
yveA	sigA	1
yveA	sacY	1
yveA	degU	1
yveA	spoVT	-1
yveA	tenA	1
yveA	sacT	1
ythQ	sigW	1
ywjC	sigB	1
yjmC	sigE	1
yjmC	sigA	1
yjmC	exuR	-1
yjmC	ccpA	-1
yjmC	spoIIID	-1
yqfT	sigE	1
yqfT	spoIIID	1
phrG	sigH	1
phrG	sigA	1
phrG	rghR	-1
phrG	ccpA	-1
phrG	sinR	-1
odhA	sigA	1
odhA	ccpA	-1
nrdE	sigA	1
nrdE	resD	1
nrdE	nrdR	0
pspA	sigW	1
pspA	abrB	-1
yurJ	codY	-1
yurJ	frlR	0
phoB	sigE	1
phoB	sigA	1
phoB	phoP	1
phoB	spoIIID	-1
phoB	gerR	-1
kipA	sigK	1
kipA	tnrA	1
kipA	kipR	-1
yxaL	rok	-1
yxaL	abrB	-1
efeU	sigX	1
efeU	sigW	1
efeU	fur	-1
ytaF	sigE	1
yqfX	sigG	1
yqfX	spoVT	1
mntA	mntR	-1
srfAB	sigA	1
srfAB	spx	-1
srfAB	perR	1
srfAB	comA	1
srfAB	codY	-1
srfAB	abh	-1
yczG	yczG	0
cysC	sigA	1
cysC	S-box-SAM	-1
cysC	cymR	-1
yotK	sigB	1
nfo	sigG	1
sigE	sigG	1
sigE	sigF	1
sigE	sigA	1
sigE	spo0A	1
sigE	sinR	-1
sigE	spoVT	-1
sigE	rsfA	1
rbfK	sigA	1
rbfK	ytlI	1
rbfK	cymR	-1
rbfK	spx	-1
yvcA	degU	1
yvcA	abrB	-1
sigW	sigW	1
sigW	abrB	-1
bscR	sigX	1
bscR	sigW	1
bscR	sigM	1
bscR	fatR	-1
bscR	abrB	-1
spoVFA	sigK	1
yuiC	sigF	1
yuiC	codY	-1
yuiC	tnrA	0
prpC.1	sigE	1
prpC.1	ccpA	-1
prpC.1	spoIIID	-1
ytlC	sigK	1
sigI	sigI	1
yfmI	spo0A	1
yfmI	abrB	-1
ribD	sigA	1
ribD	FMN-box	-1
thrS	sigA	1
thrS	T-box-THR	1
fhuB	fur	-1
yhaO	lexA	-1
pta	sigA	1
pta	ccpA	1
gerD	sigG	1
gerD	sigF	1
gerD	spoVT	1
ykuS	sigF	1
ydfK	sigA	1
ydfK	mta	1
ydfK	ydfL	0
valS	sigA	1
valS	T-box-VAL	1
ytxC	sigE	1
ytxC	spoIIID	-1
yhbA	sigF	1
yqxA	sigF	1
yqxA	sigE	1
yqxA	gerR	-1
yqxA	gerE	-1
proJ	sigK	1
proJ	sigE	1
bacA	sigH	1
bacA	scoC	-1
bacA	codY	-1
bacA	abrB	-1
opuBA	sigA	1
opuBA	gbsR	-1
opuBA	codY	0
opuBA	yvbF/YvaV	0
ymaE	abrB	-1
nasB	sigA	1
nasB	tnrA	1
nasB	glnR	-1
nasB	T-O2	1
sdpI	sigA	1
sdpI	sdpR	-1
sdpI	abrB	-1
fliI	sigD	1
fliI	sigA	1
fliI	spo0A	-1
fliI	codY	-1
cgeB	sigK	1
cgeB	gerE	1
cgeB	gerR	1
ctc	sigB	1
ctc	sigA	1
pyrH	stringent response	-1
yteR	rmgR	0
mreBH	sigI	1
degR	sigD	1
degR	comK	-1
ylbJ	sigE	1
ylbJ	spoIIID	-1
degQ	sigA	1
degQ	degU	1
degQ	comA	1
ymaH	sigH	1
fabHA	sigA	1
fabHA	fapR	-1
epsM	sigA	1
epsM	sigH	1
epsM	sinR	-1
epsM	eAR	0
epsM	abrB	-1
frlR	frlR	0
ywlG	tnrA	-1
yfnF	sigK	1
yfnF	sigE	1
fer	fur	0
yxkD	sigK	1
yxkD	RNA - ykkC-yxkD	0
ftsZ	sigH	1
ftsZ	sigA	1
ftsZ	walR	1
ftsZ	abrB	-1
yrvD	sigB	1
yitJ	S-box-SAM	-1
lcfB	sigA	1
lcfB	fadR	-1
lcfB	ccpA	-1
yrrL	spo0A	-1
yqfC	sigE	1
yqfC	spoIIID	-1
pbuG	purR	-1
pbuG	G-box-HXTX	1
pbuG	G-box-GUA	1
comGA	sigA	1
comGA	comK	1
comGA	comZ	-1
carA	sigA	1
carA	ahrC	-1
carA	abrB	1
carA	tnrA	0
pbpI	sigF	1
pbpI	sigE	1
fliK	sigD	1
fliK	sigA	1
fliK	spo0A	-1
fliK	codY	-1
hutM	sigA	1
hutM	hutP	1
hutM	codY	-1
hutM	ccpA	-1
tlpC	sigD	1
ycxA	comA	1
dhbA	sigA	1
dhbA	fur	-1
dhbA	abrB	-1
mtnW	sigA	1
mtnW	S-box-SAM	-1
ywoB	ytrA	-1
paiA	yybA	0
pstBA	phoP	1
msmX	ccpA	-1
gerT	sigK	1
fabG	sigA	1
fabG	fapR	-1
fabG	comA	1
yhdK	sigM	1
yhdK	sigA	1
ymfF	mta	1
ytxH	sigH	1
ytxH	sigB	1
yodD	mhqR	-1
gmuA	sigA	1
gmuA	gmuR	-1
gmuA	ccpA	-1
gmuA	abrB	1
ykpC	sigE	1
yxdM	yxdJ	1
purC	sigA	1
purC	purR	-1
purC	G-box-HXTX	1
purC	G-box-GUA	1
seaA	sigF	1
rplA	stringent response	-1
gltA	sigA	1
gltA	tnrA	-1
gltA	gltC	1
gltA	fsrA	-1
gltA	gltR	1
gltA	gltC2	-1
gltA	gltC1	1
gltA	gltC0	1
ytsJ	lexA	0
ydeJ	abrB	-1
yciB	sigA	1
yciB	zur	-1
ywcB	sigE	1
ywcB	spoIIID	-1
pdhB	sigA	1
pdhB	stringent response	-1
yisY	sigG	1
ywqF	sigE	1
yusP	mdtR	-1
comFA	sigA	1
comFA	sigD	1
comFA	comK	1
rpmA	L21_leader	0
yvcR	psdR	1
ytkC	codY	0
rapD	sigX	1
rapD	sigM	1
rapD	sigA	1
rapD	rghR	-1
yotN	sigE	1
glnQ	sigE	1
glnQ	tnrA	1
glnQ	codY	0
yvqK	RNA - Cobalamin	0
yotD	csoR	-1
yjcL	codY	0
mgtE	sigK	1
mgtE	M-box	-1
yclP	fur	-1
yxaF	qdor	-1
yxaF	lmrA	-1
tilS	sigM	1
yckD	sigG	1
yckD	sigF	1
yckD	spoVT	-1
cotW	sigK	1
cotW	gerE	1
cotW	spoIIID	-1
fadN	sigA	1
fadN	sdpR	1
fadN	fadR	-1
fadN	ccpA	-1
ythP	sigW	1
tenA	Thi-box	-1
tenA	tenI	-1
vpr	sigH	1
vpr	phoP	1
vpr	lexA	-1
ydgA	sigK	1
ydgA	gerE	-1
yteT	rmgR	0
yhaZ	lexA	-1
usd	sigE	1
fliS	sigD	1
yhdL	sigM	1
yhdL	sigA	1
qoxA	stringent response	-1
ywhK	sigK	1
trpE	sigA	1
trpE	TRAP	-1
ywmE	sigB	1
glxK	abrB	-1
ykgB	sigB	1
yqhP	sigF	1
yqhP	sigB	1
atpG	stringent response	-1
resB	sigA	1
resB	resD	1
resB	phoP	1
resB	ccpA	-1
lytA	sigD	1
lytA	sigA	1
lytA	yvrHb	-1
lytA	slrR	-1
lytA	lytR	-1
ispG	sigE	1
ispG	spoIIID	-1
rpmC	stringent response	-1
cotG	sigK	1
cotG	sigE	1
cotG	gerR	1
cotG	gerE	1
maf	comK	1
mleN	ccpA	-1
mleN	ansR	-1
ilvH	sigA	1
ilvH	tnrA	-1
ilvH	codY	-1
ilvH	ccpA	1
ilvH	T-box-LEU	1
liaR	sigA	1
liaR	liaR	1
liaR	abrB	-1
addA	sigA	1
addA	comK	1
cwlJ	sigE	1
cwlJ	spoIIID	1
yesM	sigH	1
yesM	ccpA	-1
tgl	sigK	1
ywhA	sigA	1
ywhA	T-box-THR	1
sspH	sigG	1
sspH	ccpA	-1
spsK	sigK	1
spsK	sigE	1
gatC	sigA	1
gatC	T-box-GLN	1
gatC	codY	0
gatC	ccpA	0
iolT	sigA	1
iolT	iolR	-1
iolT	ccpA	-1
yoaA	sigB	1
thrC	codY	0
purF	sigA	1
purF	purR	-1
purF	G-box-HXTX	1
purF	G-box-GUA	1
tuaA	sigA	1
tuaA	phoP	1
ygzA	sigG	1
yhfN	sigE	1
yhfN	spoIIID	-1
nadE	sigB	1
nadE	sigA	1
tetB	sigA	1
cypB	sigX	1
cypB	sigW	1
cypB	sigM	1
cypB	fatR	-1
cypB	abrB	-1
pucG	sigA	1
pucG	pucR	1
trpD	sigA	1
trpD	TRAP	-1
tlpB	sigD	1
yhjD	lexA	-1
bkdR	codY	-1
bkdR	bkdR	0
yvaV	yvbF/YvaV	0
bacE	sigH	1
bacE	scoC	-1
bacE	codY	-1
bacE	abrB	-1
yodI	sigK	1
bsn	phoP	1
bsn	abrB	-1
yjcP	sigD	1
mtlD	mtlR	1
mtlD	ccpA	0
comS	sigA	1
comS	spx	-1
comS	perR	1
comS	comA	1
comS	codY	-1
comS	abh	-1
hisC	sigA	1
hisC	TRAP	-1
sbcD	comK	1
fliH	sigD	1
fliH	sigA	1
fliH	spo0A	-1
fliH	codY	-1
spoVFB	sigK	1
med	sigA	1
med	spo0A	-1
yxbD	spo0A	1
yxbD	codY	-1
yxbD	abrB	-1
yvyC	sigD	1
fliT	sigD	1
yycD	sigB	1
yabQ	sigE	1
yabQ	sigX	1
yabQ	sigW	1
yabQ	spoIIID	-1
nagP	ybgA	0
yhdN	sigB	1
skfC	spo0A	1
skfC	phoP	1
skfC	abrB	-1
ribE	sigA	1
ribE	FMN-box	-1
gabT	sigA	1
gabT	sigB	1
gabT	gabR	1
glmS	sigA	1
glmS	glmS ribozyme	-1
kapD	sigK	1
kapD	sigE	1
kapD	gerR	-1
kapD	codY	0
ysdB	sigW	1
ysdB	sigB	1
trxA	sigB	1
trxA	sigA	1
trxA	spx	1
trxA	ctsR	-1
bglC	sigA	1
bglC	bglZ	0
rsiW	sigW	1
rsiW	abrB	-1
amyC	ccpA	-1
amyC	msmR	0
ftsH	sigM	1
ftsH	sigA	1
yteP	rmgR	0
cssS	sigA	1
cssS	cssR	1
cdoA	sigK	1
maeA	sigA	1
maeA	malR	1
speE	sigA	1
iscS	sigA	1
iscS	stringent response	-1
nupC	sigK	1
nupC	sigA	1
nupC	deoR	-1
nupC	ccpA	-1
cwlO	walR	1
phrH	sigA	1
phrH	rghR	-1
phrH	comK	1
ytrE	sigA	1
ytrE	ytrA	-1
ykkD	RNA - ykkC-yxkD	0
fruK	fruR	-1
fruK	spo0A	-1
fruK	ccpA	-1
yhfT	birA	0
yisQ	yisR	0
yhbB	sigE	1
yhbB	spoIIID	1
ybfH	ybfI	0
cymR	sigA	1
cymR	stringent response	-1
ytkD	sigF	1
ytkD	sigA	1
yobJ	sigW	1
nadR	sigA	1
nadR	nadR	-1
paiB	yybA	0
ygaB	sigG	1
rplS	stringent response	-1
rplS	rplS	0
feuA	sigA	1
feuA	fur	-1
feuA	citB	1
feuA	btr	1
feuA	glcR	0
ywfI	ccpA	0
thiC	Thi-box	-1
cysH	sigA	1
cysH	S-box-SAM	-1
cysH	cymR	-1
ycgR	sigM	1
yfiY	fur	-1
yoaI	sigK	1
yyaD	sigE	1
yyaD	spoIIID	-1
yaaN	sigW	1
epsJ	sigA	1
epsJ	sigH	1
epsJ	sinR	-1
epsJ	eAR	0
epsJ	abrB	-1
skfG	spo0A	1
skfG	phoP	1
skfG	abrB	-1
rpsS	stringent response	-1
mtlA	mtlR	1
mtlA	ccpA	0
epsO	sigA	1
epsO	sigH	1
epsO	sinR	-1
epsO	eAR	0
epsO	abrB	-1
yclK	resD	1
pucR	sigA	1
pucR	tnrA	1
pucR	pucR	1
glgB	sigE	1
glgB	sigH	1
yabN	sigX	1
yabN	sigW	1
yabN	sigE	1
yabN	spoIIID	-1
metK	sigA	1
metK	S-box-SAM	-1
lmrA	sigA	1
lmrA	lmrA	-1
lmrA	qdor	0
yflB	sigE	1
yflB	abrB	-1
yflB	spoIIID	-1
sacX	sigA	1
sacX	sacY	1
sacX	sacT	1
sacX	degU	1
ispA	sigA	1
ispA	scoC	-1
ispA	ipi	1
ispA	degU	1
ispA	codY	0
secY	stringent response	-1
cotJB	sigE	1
cotJB	spoIIID	1
yhcM	sigG	1
yhcM	sigF	1
yhcM	sigB	1
gerPE	sigK	1
gerPE	gerE	-1
yjcA	sigE	1
yjcA	sigK	1
yjcA	spoIIID	-1
pucJ	sigA	1
pucJ	tnrA	1
pucJ	pucR	1
yhcF	sigG	1
yhcF	comK	1
yhcF	gabR	0
spoVAA	sigG	1
spoVAA	spoVT	1
proH	sigE	1
proH	spoIIID	1
ylaC	ylaC	1
ylaC	sigA	1
ylaC	spx	1
gltR	sigA	1
gltR	gltR	-1
spoIIIAG	sigE	1
spoIIIAG	gerR	-1
spoIIIAG	spoIIID	-1
spoIIIAG	gerE	-1
opuAC	sigA	1
yhcQ	sigG	1
yobW	sigK	1
yobW	sigE	1
yobW	spoIIID	1
purH	sigA	1
purH	purR	-1
purH	G-box-HXTX	1
purH	G-box-GUA	1
yjbC	sigX	1
yjbC	sigW	1
yjbC	sigM	1
yjbC	sigB	1
yjbC	sigA	1
yjbC	perR	-1
yjbC	yodB	-1
yutC	sigG	1
tuaB	sigA	1
tuaB	phoP	1
narJ	sigA	1
narJ	fnr	1
yclN	fur	-1
yxjH	S-box-SAM	-1
yxjH	codY	0
yozD	sigE	1
proB	T-box-PRO	1
noc	comK	1
addB	sigA	1
addB	comK	1
albG	sigA	1
albG	rok	-1
albG	resD	1
albG	abrB	-1
xynC	abrB	-1
yrrI	sigG	1
yuaI	sigW	1
yuaI	codY	0
asd	sigK	1
asd	sigA	1
yqhH	sigF	1
yqhH	lexA	0
pucI	sigA	1
pucI	pucR	1
pucI	tnrA	0
yfmC	fur	-1
yvcB	degU	1
yvcB	abrB	-1
rocG	sigL	1
rocG	rocR	1
rocG	ccpA	-1
rocG	ahrC	1
rocG	abrB	-1
rocG	spo0A	-1
cheV	sigD	1
ytlA	sigK	1
ndh	sigA	1
ndh	stringent response	-1
ndh	rex	-1
argH	ahrC	-1
feuB	sigA	1
feuB	fur	-1
feuB	citB	1
feuB	btr	1
feuB	glcR	0
manP	manR	1
lysP	L-box-LYS	0
spoIIIAD	sigE	1
spoIIIAD	gerR	-1
spoIIIAD	spoIIID	-1
spoIIIAD	gerE	-1
mdxE	sigK	1
mdxE	sigE	1
mdxE	mdxR	0
yesY	yesS	1
yesY	ccpA	0
tuaA.1	sigA	1
tuaA.1	phoP	1
thiU	sigK	1
thiU	Thi-box	-1
ureA	sigH	1
ureA	sigA	1
ureA	tnrA	1
ureA	pucR	1
ureA	glnR	-1
ureA	codY	-1
yvfW	sinR	-1
yvfW	lutR	-1
yvfW	fsrA	-1
comC	sigA	1
comC	comK	1
sigB	sigA	1
sigB	ccpA	-1
ggaB	sigA	1
msmR	ccpA	-1
msmR	msmR	0
mdh	sigA	1
mdh	citB	0
mdh	ccpC	-1
mdh	ccpA	-1
mdh	codY	0
ynzB	sigE	1
rhgT	yesS	1
rhgT	ccpA	0
abh	sigX	1
abh	sigM	1
abh	sigW	1
bioB	birA	-1
skfE	spo0A	1
skfE	phoP	1
skfE	abrB	-1
yunB	sigE	1
yunB	sigK	1
cysP	sigA	1
cysP	S-box-SAM	-1
cysP	cymR	-1
citZ	sigA	1
citZ	citB	0
citZ	ccpC	-1
citZ	ccpA	-1
citZ	codY	0
sucD	sigA	1
sucD	ccpA	-1
ytcA	sigK	1
ylaK	sigE	1
galT	ccpA	-1
yhgD	yhgD	0
fabL	sigE	1
fabL	sigG	1
fabL	sigA	1
fabL	yfhP	-1
fabL	spoVT	-1
fabL	rsfA	1
ydaO	ydaO riboswitch	1
ytpB	sigM	1
phoD	sigA	1
phoD	phoP	1
opuD	sigE	1
rpoA	stringent response	-1
exuM	sigE	1
exuM	sigA	1
exuM	exuR	-1
exuM	ccpA	-1
yydK	yydK	0
yjqC	sigK	1
uxaC	sigA	1
uxaC	exuR	-1
uxaC	ccpA	-1
ytxO	sigK	1
hemZ	sigA	1
hemZ	rex	-1
hemZ	resD	1
hemZ	fnr	1
hemZ	arfM	1
nucB	sigE	1
yxiE	sigA	1
yxiE	licT	1
yxiE	ccpA	-1
kipI	sigK	1
kipI	tnrA	1
kipI	kipR	-1
yybN	rok	-1
yybN	spo0A	1
sinR	sigA	1
sinR	spo0A	-1
sinR	scoC	-1
sinR	abrB	-1
sinR	sinR	-1
cysJ	sigA	1
cysJ	cysL	1
cysJ	yetL	0
xkdI	xpf	1
yvrN	comK	1
yvrN	abrB	-1
rsbW	sigB	1
rsbW	sigA	1
rsbW	ccpA	-1
mtnN	sigA	1
mtnN	spx	1
mtnN	cymR	-1
parA	spo0A	-1
yvrJ	yvrI-YvrHa	1
ycbD	ycbG	-1
yjcN	rok	-1
nfrA	sigD	1
nfrA	sigA	1
nfrA	spx	1
nfrA	spo0A	-1
cysE	sigA	1
cysE	T-box-CYS	1
yvfU	yvfU	0
copB	czrA	-1
ynzC	lexA	-1
ynzC	comK	1
ykoL	sigA	1
ykoL	tnrA	1
ykoL	phoP	1
yusV	fur	-1
ybxH	sigG	1
ybxH	spoVT	-1
hisI	hisR	0
yjcG	codY	0
ylxW	sigM	1
ylxW	sigE	1
ylxW	sigA	1
ylxW	spoIIID	-1
spoIIIAC	sigE	1
spoIIIAC	gerR	-1
spoIIIAC	spoIIID	-1
spoIIIAC	gerE	-1
cwlC	sigK	1
pstA	phoP	1
arfM	sigA	1
arfM	fnr	1
arfM	arfM	-1
pyrF	sigA	1
pyrF	pyrR	1
pyrF	purR	-1
ykvR	lexA	-1
fabF	sigW	1
fabF	sigA	1
fabF	fapR	-1
yetA	ccpA	0
epsE	sigA	1
epsE	sigH	1
epsE	sinR	-1
epsE	eAR	0
epsE	abrB	-1
sspN	sigG	1
sspN	sigF	1
yphA	sigF	1
epsC	sigA	1
epsC	sigH	1
epsC	sinR	-1
epsC	eAR	0
epsC	abrB	-1
spoVE	sigE	1
spoVE	sigA	1
spoVE	spoIIID	-1
murB	sigM	1
murB	sigE	1
murB	sigA	1
murB	spoIIID	-1
yjcF	codY	0
ytzC	sigG	1
ymzB	sigB	1
ymzB	abrB	-1
slp	codY	0
yqaI	sknR	-1
ctpA	sigE	1
yvbY	sinR	-1
yvbY	lutR	-1
yvbY	fsrA	-1
rplJ	stringent response	-1
rplJ	rplJ	0
yqzD	spo0A	-1
sigG	sigG	1
sigG	sigF	1
sigG	sigA	1
sigG	spo0A	1
sigG	sinR	-1
sigG	abrB	-1
sigG	spoVT	-1
sigG	rsfA	1
rplW	stringent response	-1
iolR	sigA	1
iolR	iolR	-1
malK	sigK	1
malK	sigE	1
malK	mdxR	0
yngI	sigE	1
yngI	spoIIID	-1
yngI	ccpA	0
acoB	sigL	1
acoB	sigK	1
acoB	ccpA	-1
acoB	acoR	1
queF	preQ1 riboswitch	-1
opuAB	sigA	1
ysnD	sigK	1
ysnD	sigE	1
ysnD	tnrA	0
ansB	sigA	1
ansB	ansR	-1
ywcJ	sigA	1
ywcJ	rex	-1
ywcJ	fnr	0
ywcJ	ccpA	0
yrkF	yrkD	0
tadA	sigA	1
ykkC	RNA - ykkC-yxkD	0
spoIIIAA	sigE	1
spoIIIAA	gerR	-1
spoIIIAA	spoIIID	-1
spoIIIAA	gerE	-1
gerAB	sigG	1
gerAB	sigF	1
gerAB	spoVT	-1
fliJ	sigD	1
fliJ	sigA	1
fliJ	spo0A	-1
fliJ	codY	-1
prpD	sigE	1
prpD	ccpA	-1
prpD	spoIIID	-1
tagC	lexA	-1
yjeA	walR	-1
yhxC	sigE	1
pel	tnrA	-1
pel	comA	1
pel	ccpA	-1
fabI	sigA	1
fabI	fapR	-1
comX	sigA	1
ywrJ	sigK	1
ptkA	abrB	-1
ywjD	sigG	1
sodA	sigB	1
nusB	stringent response	-1
nusB	purR	-1
rocD	sigL	1
rocD	spo0A	-1
rocD	rocR	1
rocD	codY	-1
rocD	ahrC	1
narH	sigA	1
narH	fnr	1
yteJ	sigW	1
yuaG	sigW	1
yuaG	codY	0
sacC	sigL	1
sacC	levR	1
sacC	ccpA	-1
rpsNB	zur	-1
rsbRA	sigA	1
rsbRA	sigB	1
gltP	sigH	1
yybJ	rok	-1
yybJ	spo0A	1
argC	sigA	1
argC	ahrC	-1
argC	abrB	1
argC	tnrA	0
lytR	sigX	1
lytR	sigM	1
lytR	sigA	1
lytR	lytR	-1
pbuO	purR	-1
htpX	ykrK	-1
htpX	rok	-1
yndA	sigE	1
artQ	ahrC	0
yclD	bsdA	0
ahrC	SR1	-1
rpoE	sigA	1
rpoE	fadR	-1
yocK	sigB	1
sigO	yvrI-YvrHa	1
sigO	yvrHb	1
cotV	sigK	1
cotV	gerE	1
cotV	spoIIID	1
phoP	sigE	1
phoP	sigB	1
phoP	sigA	1
phoP	phoP	1
phoP	ccpA	-1
phoP	resD	1
phoP	scoC	-1
phoP	walR	1
glgD	sigE	1
glgD	sigH	1
yfmS	sigD	1
glnR	sigA	1
glnR	tnrA	-1
glnR	glnR	-1
des	sigA	1
des	desR	1
ypzA	sigG	1
ybaK	sigG	1
ybaK	sigE	1
ybaK	lexA	-1
ybaK	spoVT	1
pnpA	stringent response	-1
gmuR	sigA	1
gmuR	gmuR	-1
gmuR	ccpA	-1
gmuR	abrB	1
ywbB	rbsR	0
fmnP	FMN-box	-1
pdxS	spo0A	-1
xkdF	xpf	1
yesW	yesS	1
yesW	ccpA	0
rpsQ	stringent response	-1
cotJA	sigE	1
cotJA	spoIIID	1
dnaE	lexA	-1
ydfR	sigG	1
ydfR	sigK	1
ydfR	spoVT	-1
yodH	sigK	1
ylbH	RNA - ylbH	0
licB	sigA	1
licB	licR	1
licB	ccpA	-1
licB	rbsR	0
ywbO	sigX	1
ywbO	sigW	1
ywbO	sigM	1
yxjI	sigW	1
yxjI	sigB	1
yxjI	degU	-1
epsK	sigA	1
epsK	sigH	1
epsK	sinR	-1
epsK	eAR	0
epsK	abrB	-1
uvrC	lexA	-1
acsA	sigA	1
acsA	codY	-1
acsA	ccpA	-1
citA	sigA	1
citA	citR	-1
citA	codY	0
spoVID	sigE	1
trmE	comK	1
yflN	sigA	1
yflN	citT	1
yflN	ccpA	-1
ydhF	sigE	1
ydhF	sigA	1
ydhF	phoP	1
ydhF	spoIIID	-1
ydhF	gerR	-1
yneB	lexA	-1
yneB	comK	1
ftsA	sigH	1
ftsA	sigA	1
ftsA	walR	1
ftsA	abrB	-1
yisT	sigH	1
dnaA	sigA	1
dnaA	sigG	1
dnaA	spo0A	-1
dnaA	dnaA	-1
ssuB	sigA	1
ssuB	cymR	-1
ssuB	spx	-1
eno	sigA	1
eno	cggR	-1
ganQ	lacR	-1
ganQ	ccpA	0
yheI	spoIIID	1
xkdM	xpf	1
pucE	sigA	1
pucE	tnrA	1
pucE	pucR	1
ywjB	fur	-1
artR	ahrC	0
yvdJ	sigK	1
yvdJ	sigE	1
yvdJ	mdxR	0
bioK	birA	-1
flhB	sigD	1
flhB	sigA	1
flhB	spo0A	-1
flhB	codY	-1
ydgB	sigK	1
ydgB	gerE	-1
mrgA	sigA	1
mrgA	perR	-1
glnA	sigA	1
glnA	tnrA	-1
glnA	glnR	-1
ywtF	sigM	1
ytcC	sigK	1
yulC	rhaR	0
rocA	sigL	1
rocA	rocR	1
rocA	codY	-1
rocA	ahrC	1
rocA	abrB	-1
exuR	sigE	1
exuR	sigA	1
exuR	exuR	-1
exuR	ccpA	-1
exuR	spoIIID	-1
yngB	yclJ	1
hisS	T-box-HIS	1
hisS	T-box-ASP	1
yngK	sigK	1
spoVK	sigK	1
spoVK	sigE	1
spoVK	spoIIID	1
senS	senS	1
senS	abrB	-1
bglA	yydK	0
ytrA	sigA	1
ytrA	ytrA	-1
mreC	sigM	1
mreC	sigH	1
yusR	sigE	1
opuE	sigB	1
opuE	sigA	1
opuE	ccpA	1
opuE	codY	0
lytC	sigD	1
lytC	sigA	1
lytC	yvrHb	-1
lytC	slrR	-1
lytC	lytR	-1
mgsR	sigB	1
mgsR	mgsR	1
qodI	qdor	-1
qodI	lmrA	-1
pycA	stringent response	1
rimO	sigA	1
rimO	hrcA	-1
rimO	arfM	0
ylzA	sigF	1
spmB	sigE	1
spmB	spoIIID	-1
yolJ	yvrHb	1
yolJ	rok	-1
yolJ	abrB	-1
yolJ	abh	1
yocD	abrB	-1
yybH	sigE	1
cheA	sigD	1
cheA	sigA	1
cheA	spo0A	-1
cheA	codY	-1
adcC	sigA	1
adcC	zur	-1
pgsE	degU	1
pgsE	tnrA	0
ykoS	sigG	1
cotR	sigK	1
cotR	codY	0
ypbQ	sigG	1
ylaA	ylaC	1
ylaA	sigA	1
ylaA	spx	1
sspP	sigG	1
sspP	spoVT	1
sspP	codY	0
yozM	lexA	-1
yozM	ccpA	-1
yybA	yybA	0
ypqA	sigK	1
ypqA	sigE	1
ytvA	spx	1
cgeC	sigK	1
cgeC	gerE	1
ylbF	spo0A	-1
ctaO	abrB	-1
glnM	sigE	1
glnM	tnrA	1
glnM	codY	0
sat	sigA	1
sat	S-box-SAM	-1
sat	cymR	-1
atpE	stringent response	-1
exuT	sigE	1
exuT	sigA	1
exuT	exuR	-1
exuT	ccpA	-1
exuT	spoIIID	-1
yqgW	ccpA	0
yvoA	sigA	1
yvoA	nagR	-1
yvoA	ccpA	-1
ppiB	sigA	1
ppiB	sigK	1
yrhH	sigX	1
yrhH	sigW	1
yrhH	sigM	1
yhaM	sigE	1
yhaM	lexA	-1
dapG	sigK	1
dapG	sigA	1
yrdP	czrA	-1
yojK	sigK	1
yxeA	yxdJ	1
pyrR	sigA	1
pyrR	pyrR	1
pyrR	purR	-1
coaD	RNA - ylbH	0
xkdJ	xpf	1
sspI	sigG	1
yttA	tnrA	-1
tuaG	sigF	1
tuaG	sigA	1
tuaG	phoP	1
malL	sigK	1
malL	sigE	1
malL	mdxR	0
ysmA	ccpA	0
yqxI	spo0A	1
yqxI	ccpA	-1
yqxI	abrB	-1
coxA	sigE	1
coxA	sigG	1
coxA	spoVT	1
epsI	sigA	1
epsI	sigH	1
epsI	sinR	-1
epsI	eAR	0
epsI	abrB	-1
mbl	sigE	1
mbl	stringent response	-1
fliP	sigD	1
fliP	sigA	1
fliP	spo0A	-1
fliP	codY	-1
tuaF	sigF	1
tuaF	sigA	1
tuaF	phoP	1
yrkO	yrkP	1
lrgA	ccpA	0
lrgA	lytT	0
ykuD	sigK	1
ykuD	ccpA	-1
yvyG	sigD	1
yvyG	sigA	1
yvyG	scoC	-1
yvyG	degU	1
yvyG	comK	1
yxeB	fur	-1
glcR	comK	1
glcR	glcR	0
pdxT	spo0A	-1
spoIIIC	sigK	1
spoIIIC	sigE	1
spoIIIC	spoIIID	1
spoIIIC	gerE	-1
spoIIIC	gerR	-1
ykvZ	bglZ	0
thyA	sigK	1
sigD	sigD	1
sigD	sigA	1
sigD	spo0A	-1
sigD	codY	-1
hemB	sigA	1
hemB	perR	-1
ykcB	yrkP	1
ykcB	yclJ	1
yqhV	sigE	1
yqhV	gerR	-1
yqhV	spoIIID	-1
yqhV	gerE	-1
yolA	abrB	-1
acoR	sigG	1
acoR	ccpA	-1
yclJ	resD	1
yhcH	sigG	1
yhcH	comK	1
yhcH	gabR	0
yvrH	yvrHb	1
yhaN	lexA	-1
yteA	sigG	1
yteA	spoVT	1
opuBB	sigA	1
opuBB	gbsR	-1
opuBB	codY	0
opuBB	yvbF/YvaV	0
ywrA	ywrC	0
yknU	sigE	1
yknU	spoIIID	1
prmA	sigA	1
prmA	hrcA	-1
prmA	arfM	0
yufO	codY	-1
fnr	sigA	1
fnr	resD	1
fnr	nsrR	-1
fnr	fnr	1
citH	sigE	1
citH	spoIIID	-1
citH	ccpA	0
yoaW	sigE	1
yoaW	abrB	-1
besA	fur	-1
besA	abrB	-1
folD	stringent response	-1
folD	purR	-1
sspK	sigG	1
gntK	sigK	1
gntK	sigA	1
gntK	gntR	-1
gntK	ccpA	-1
gntK	abrB	1
gntK	ccpB	-1
copA	csoR	-1
ykrK	ykrK	-1
ymfJ	sigG	1
tagA	sigA	1
tagA	walR	1
tagA	phoP	-1
ctaC	sigA	1
ctaC	resD	1
ctaC	ccpA	-1
ctaC	abrB	-1
ctaC	abh	-1
yvfS	yvfU	0
ycgL	sigG	1
pbpF	sigG	1
pbpF	sigA	1
mhqA	mhqR	-1
yflS	malR	1
cotA	sigK	1
cotA	spoIIID	-1
cotA	gerE	-1
yyaO	sigK	1
tuaH	sigF	1
tuaH	sigA	1
tuaH	phoP	1
yhxD	sigB	1
yodB	yodB	-1
yycQ	sigK	1
yycQ	sigE	1
ytlI	sigA	1
ytlI	cymR	-1
ytlI	spx	-1
ytlI	ytlI	0
iscS.1	codY	0
ydeH	abrB	-1
dctB	sigB	1
ybbA	sigA	1
ybbA	fur	-1
ybbA	citB	1
ybbA	btr	1
ybbA	glcR	0
yhcE	sigG	1
yhcE	comK	1
yhcE	gabR	0
yqcK	sigF	1
yqcK	sigA	1
yqcK	arsR	-1
pckA	sigA	1
pckA	ccpN	-1
yisB	comK	1
yozQ	sigG	1
yozQ	spoVT	-1
rpsJ	stringent response	-1
hemN	sigA	1
hemN	arfM	1
braB	codY	0
ganP	lacR	-1
ganP	ccpA	0
htrC	sigG	1
levD	sigL	1
levD	levR	1
levD	ccpA	-1
yciC	sigA	1
yciC	zur	-1
opuCA	codY	0
opuCA	yvbF/YvaV	0
yisJ	sigK	1
ydaS	sigB	1
mmsA	sigA	1
mmsA	iolR	-1
mmsA	ccpA	-1
gmuC	sigA	1
gmuC	gmuR	-1
gmuC	ccpA	-1
gmuC	abrB	1
yjdH	sigE	1
ywoF	abrB	-1
ywoF	abh	-1
ywoF	tnrA	0
flgK	sigD	1
flgK	sigA	1
flgK	scoC	-1
flgK	degU	1
flgK	comK	1
dacB	sigE	1
dacB	spoIIID	-1
yvbH	sigE	1
opuCD	codY	0
opuCD	yvbF/YvaV	0
htrA	sigA	1
htrA	cssR	1
htrA	htrA	-1
araE	sigA	1
araE	ccpA	-1
araE	araR	-1
folEA	sigA	1
yhcB	sigG	1
yhcB	comK	1
rbsR	sigA	1
rbsR	ccpA	-1
rbsR	abrB	1
rbsR	rbsR	0
yaaH	sigE	1
yaaH	sigB	1
yaaH	spoIIID	-1
ylxY	sigE	1
ylxY	spoIIID	-1
skfF	spo0A	1
skfF	phoP	1
skfF	abrB	-1
ykfB	codY	-1
ycsF	sigK	1
ycsF	tnrA	1
ycsF	kipR	-1
trmF	comK	1
yloB	sigE	1
yloB	spoIIID	-1
mntB	mntR	-1
comA	sigA	1
yxbB	codY	-1
yxbB	abrB	-1
comEA	sigA	1
comEA	comN	0
comEA	comK	1
rpsD	sigA	1
rpsD	stringent response	-1
ycgF	sigE	1
ycgF	spoIIID	-1
yoaF	sigW	1
yxeE	sigK	1
yxeE	gerE	1
dltA	sigX	1
dltA	sigM	1
dltA	sigD	1
dltA	yvrHb	1
dltA	stringent response	-1
dltA	spo0A	-1
yusO	mdtR	-1
htrB	cssR	1
amtB	sigA	1
amtB	tnrA	1
fbp	sigA	1
azlD	azlB	-1
ugtP	sigM	1
yfkT	sigB	1
yufQ	codY	-1
lcfA	fadR	-1
lcfA	ccpA	-1
mcsB	sigF	1
mcsB	sigB	1
mcsB	sigA	1
mcsB	ctsR	-1
ydbM	cymR	-1
purN	sigA	1
purN	purR	-1
purN	G-box-HXTX	1
purN	G-box-GUA	1
ytaB	sigB	1
yneA	lexA	-1
yneA	comK	1
rplGA	sigA	1
rplGA	stringent response	-1
rsfA	sigG	1
rsfA	sigF	1
rsfA	rsfA	-1
spoIIE	sigA	1
spoIIE	spo0A	1
spoIIE	sinR	-1
ymcB	fur	0
yfkQ	sigG	1
ywtG	sigB	1
yjbA	sigF	1
yvrP	comK	1
yvrP	abrB	-1
pbuX	sigA	1
pbuX	purR	-1
pbuX	G-box-HXTX	1
pbuX	G-box-GUA	1
nagP.1	nagR	-1
yraG	sigG	1
yuaE	codY	0
acdA	sigA	1
acdA	fadR	-1
bcsA	sigG	1
cidA	ywbI	0
kipR	sigK	1
kipR	tnrA	1
kipR	kipR	-1
yxeQ	sigA	1
yxeQ	cymR	-1
yxeQ	spx	-1
yvaA	sigB	1
trnD.Leu2	sigA	1
rplX	stringent response	-1
yjnA	codY	0
yceC	sigX	1
yceC	sigW	1
yceC	sigM	1
yceC	sigB	1
yceC	sigA	1
carB	sigA	1
carB	ahrC	-1
carB	abrB	1
carB	tnrA	0
gntZ	sigA	1
gntZ	sigK	1
gntZ	gntR	-1
gntZ	ccpA	-1
gntZ	abrB	1
gntZ	ccpB	-1
yodF	tnrA	-1
yodF	codY	0
fliE	sigD	1
fliE	sigA	1
fliE	spo0A	-1
fliE	codY	-1
ywbF	abrB	-1
citS	ccpA	0
ruvA	lexA	-1
rpmI	sigA	1
rpmI	stringent response	-1
rpmI	rplT	-1
scoB	sigE	1
scoB	ccpA	-1
scoB	spoIIID	-1
argD	sigA	1
argD	ahrC	-1
argD	abrB	1
argD	tnrA	0
dppD	sigA	1
dppD	codY	-1
dppD	abrB	-1
czcD	czrA	-1
pnbA	abrB	-1
fruR	fruR	-1
fruR	spo0A	-1
fruR	ccpA	-1
ykuK	sigA	1
ykuK	spo0A	1
ykuK	ccpC	-1
ykuK	ccpA	-1
yfmE	fur	-1
sigY	sigY	1
atpI	stringent response	-1
rplT	sigA	1
rplT	stringent response	-1
rplT	rplT	-1
ywdA	sigA	1
ywdA	sacT	1
ywdA	ccpA	-1
ywdA	sacY	1
rpsG	stringent response	-1
folC	sigA	1
folC	T-box-VAL	1
sspA	sigG	1
sspA	spoVT	1
yoyD	tnrA	0
yoyD	codY	0
recO	tnrA	0
sdhC	sigA	1
sdhC	fsrA	-1
sdhC	ccpA	-1
ytnJ	sigA	1
ytnJ	ytlI	1
ytnJ	cymR	-1
ytnJ	spx	-1
ypzK	sigK	1
ypzK	sigA	1
ypzK	FMN-box	-1
yfiZ	fur	-1
ybyB	sigB	1
srfAA	sigA	1
srfAA	spx	-1
srfAA	perR	1
srfAA	comA	1
srfAA	codY	-1
srfAA	abh	-1
dtpT	sigE	1
dtpT	scoC	-1
dtpT	tnrA	0
flgD	sigD	1
flgD	sigA	1
flgD	spo0A	-1
flgD	codY	-1
xkdH	xpf	1
deoC	sigA	1
deoC	sigK	1
deoC	deoR	-1
deoC	ccpA	-1
spbC	spo0A	1
spbC	rok	-1
spbC	abrB	-1
yuzF	sigK	1
csbB	sigX	1
csbB	sigB	1
frlN	frlR	-1
frlN	codY	-1
cotE	sigK	1
cotE	sigE	1
cotE	gerE	-1
kdgA	sigA	1
kdgA	kdgR	-1
kdgA	ccpA	-1
rex.1	stringent response	-1
rex.1	rex	-1
yjdG	sigE	1
yjdG	abrB	-1
flgL	sigD	1
flgL	sigA	1
flgL	scoC	-1
flgL	degU	1
flgL	comK	1
serS	T-box-SER	1
argB	sigA	1
argB	ahrC	-1
argB	abrB	1
argB	tnrA	0
mcpC	sigD	1
mcpC	codY	0
yvgO	sigB	1
yvgO	sigK	1
yvgO	abrB	-1
ydgG	lexA	-1
argS	T-box-ARG	1
licC	sigA	1
licC	licR	1
licC	ccpA	-1
licC	rbsR	0
sboX	sigA	1
sboX	rok	-1
sboX	resD	1
sboX	abrB	-1
opuCB	codY	0
opuCB	yvbF/YvaV	0
dnaN	sigG	1
dnaN	sigA	1
dnaN	spo0A	-1
dnaN	dnaA	-1
prkA	sigE	1
ctaB	sigA	1
ctaB	resD	1
rsbS	sigB	1
rsbS	sigA	1
truA	stringent response	-1
fhuD	fur	-1
lctP	sigA	1
lctP	rex	-1
lctP	resD	1
lctP	arfM	1
lctP	alsR	1
lctP	fnr	0
licH	sigA	1
licH	licR	1
licH	ccpA	-1
licH	rbsR	0
obg	sigA	1
ctpB	sigG	1
ctpB	sigE	1
ctpB	spoVT	-1
ylbB	sigF	1
ylbB	ccpA	0
rsbX	sigB	1
rsbX	sigA	1
rsbX	ccpA	-1
dppE	sigA	1
dppE	codY	-1
dppE	abrB	-1
ywoD	ytrA	-1
tnrA	sigA	1
tnrA	tnrA	1
tnrA	glnR	-1
ytpA	sigM	1
dtd	sigB	1
tagD	sigA	1
tagD	walR	1
tagD	phoP	-1
dltC	sigX	1
dltC	sigM	1
dltC	sigD	1
dltC	yvrHb	1
dltC	stringent response	-1
dltC	spo0A	-1
yceE	sigX	1
yceE	sigW	1
yceE	sigM	1
yceE	sigB	1
yceE	sigA	1
pabC	sigA	1
pabC	TRAP	-1
bsdD	bsdA	1
ohrA	sigA	1
ohrA	ohrR	-1
clpC	sigF	1
clpC	sigB	1
clpC	sigA	1
clpC	ctsR	-1
pgdS	sigD	1
pgdS	tnrA	0
spo0M	sigW	1
spo0M	sigH	1
pgsB	degU	1
pgsB	tnrA	0
motA	sigD	1
ymdA	sigK	1
atpF	stringent response	-1
tuaC	sigA	1
tuaC	phoP	1
xkdC	xre	-1
rpmD	stringent response	-1
ytcP	ccpA	0
ytcP	rmgR	0
thiO	Thi-box	-1
thiO	tenI	-1
gltC	sigA	1
gltC	gltC	-1
gltC	gltC0	-1
gltC	tnrA	0
spoIVFB	sigE	1
spoIVFB	spoIIID	-1
tagE	sigA	1
tagE	walR	1
tagE	phoP	-1
pbpH	abrB	-1
yvqJ	abrB	-1
salA	salA	-1
salA	ccpA	0
ylaJ	sigG	1
hemX	sigA	1
hemX	perR	-1
cypC	sigB	1
phrK	sigH	1
phrK	abrB	-1
ytpQ	spx	1
natB.1	abrB	-1
cheW	sigD	1
cheW	sigA	1
cheW	spo0A	-1
cheW	codY	-1
nusA	sigA	1
nusA	stringent response	-1
bmrU	sigB	1
bmrU	sigA	1
bmrU	mta	1
bmrU	bmrR	1
aslA	codY	-1
aslA	abrB	-1
pdaA	sigG	1
hisB	hisR	0
yusD	spo0A	1
yjdB	phoP	1
yjdB	abrB	-1
comZ	sigA	1
comZ	spo0A	-1
kdgR	sigA	1
kdgR	kdgR	-1
kdgR	ccpA	-1
ywnH	sigE	1
yfhK	sigW	1
yfhK	sigB	1
yfmG	abrB	-1
comGG	sigA	1
comGG	comK	1
comGG	comZ	-1
yybK	rok	-1
yybK	spo0A	1
codV	sigA	1
codV	codY	-1
ykzF	sigA	1
ykzF	spo0A	1
ykzF	ccpA	-1
ykzF	ccpC	-1
xynD	abrB	-1
kdgK	sigA	1
kdgK	kdgR	-1
kdgK	ccpA	-1
yrkQ	yrkP	1
yrkD	sigK	1
yrkD	yrkD	0
spsI	sigK	1
spsI	sigE	1
ubiX	bsdA	1
spoIIIAF	sigE	1
spoIIIAF	gerR	-1
spoIIIAF	spoIIID	-1
spoIIIAF	gerE	-1
fadR	sigA	1
fadR	fadR	-1
fadR	ccpA	-1
ylyA	sigG	1
ylyA	spoVT	1
ftsW	yofA	1
levF	sigL	1
levF	levR	1
levF	ccpA	-1
serA	codY	0
yhdJ	yhdI/YdeL	0
araP	sigA	1
araP	ccpA	-1
araP	araR	-1
ytkL	sigB	1
splA	sigG	1
splA	splA	-1
yxdL	yxdJ	1
ytxJ	sigH	1
ytxJ	sigB	1
bioF	birA	-1
rapE	sigH	1
rapE	sigA	1
rapE	comA	1
rapE	codY	-1
alsR	alsR	0
yokK	abrB	-1
sirC	sigA	1
sirC	S-box-SAM	-1
sirC	cymR	-1
brnQ	azlB	-1
nagBB	ybgA	0
pstC	phoP	1
ftsE	spo0A	-1
yqxM	sigA	1
yqxM	sinR	-1
yqxM	abrB	-1
yqxM	spo0A	1
rpmF	stringent response	-1
ctaG	sigA	1
ctaG	resD	1
ctaG	ccpA	-1
ctaG	abrB	-1
ctaG	abh	-1
ymaB	sigA	1
ymaB	resD	1
ymaB	nrdR	0
sacA	sigA	1
sacA	sacT	1
sacA	ccpA	-1
sacA	sacY	1
ypuC	sigB	1
yvbW	T-box-LEU	0
pucH	sigA	1
pucH	sigE	1
pucH	tnrA	1
pucH	pucR	1
clpE	sigA	1
clpE	ctsR	-1
alaS	T-box-ALA	0
yoxB	sigB	1
yxzE	sigW	1
yxzE	abrB	-1
minC	sigM	1
minC	sigH	1
yhgE	yhgD	0
rlmB	sigA	1
rlmB	T-box-CYS	1
sboA	sigA	1
sboA	rok	-1
sboA	resD	1
sboA	abrB	-1
ilvD	codY	-1
acpA	sigA	1
acpA	fapR	-1
yhcY	sigA	1
yhcY	sigE	1
yhcY	liaR	1
artP	ahrC	0
bglH	sigA	1
bglH	licT	1
bglH	ccpA	-1
ywqC	abrB	-1
scpA	stringent response	-1
fliG	sigD	1
fliG	sigA	1
fliG	spo0A	-1
fliG	codY	-1
ssbA	stringent response	-1
ssbA	comK	1
ruvB	lexA	-1
buk	sigL	1
buk	codY	-1
buk	bkdR	1
buk	tnrA	-1
bceA	bceR	1
glcK	ccpA	0
yabR	sigE	1
yabR	sigX	1
yabR	sigW	1
yabR	spoIIID	-1
yesR	yesS	0
yesR	ccpA	0
flhO	sigD	1
flhO	sigE	1
flhO	stringent response	-1
menF	sigA	1
cotJC	sigE	1
cotJC	spoIIID	1
ahpF	sigA	1
ahpF	perR	-1
yqzE	sigA	1
yqzE	comK	1
yqzE	comZ	-1
groEL	sigA	1
groEL	hrcA	-1
yvyE	spo0A	-1
nagA	sigA	1
nagA	nagR	-1
nagA	ccpA	-1
ylxM	sigA	1
plsX	sigA	1
plsX	fapR	-1
plsX	comA	1
rpsK	stringent response	-1
cotP	sigK	1
cotP	gerE	-1
ispE	sigE	1
thiE	sigA	1
bioI	birA	-1
xkdA	lexA	-1
yrbG	sigG	1
yrbG	sigE	1
yrbG	spoIIID	-1
yesV	yesS	1
yesV	ccpA	0
yoqM	abrB	-1
sdhB	sigA	1
sdhB	fsrA	-1
sdhB	ccpA	-1
ytrF	sigA	1
ytrF	ytrA	-1
yqaK	sknR	-1
yjgB	sigB	1
cotX	sigK	1
cotX	gerE	1
cotX	spoIIID	-1
parC	lexA	-1
ctsR	sigB	1
ctsR	sigA	1
ctsR	ctsR	-1
codY	sigA	1
codY	codY	-1
ykuL	sigA	1
ykuL	spo0A	1
ykuL	ccpA	-1
ykuL	ccpC	-1
spsJ	sigK	1
spsJ	sigE	1
spoIIID	sigE	1
yhjR	sigK	1
yhjR	sigE	1
yhjR	gerE	-1
yybR	hypR	1
ytnM	sigA	1
ytnM	ytlI	1
ytnM	cymR	-1
ytnM	spx	-1
yvfT	yvfU	0
yhjM	abrB	-1
yhjM	ntdR	0
tagB	sigA	1
tagB	walR	1
tagB	phoP	-1
spcB	stringent response	-1
mtnX	sigA	1
mtnX	S-box-SAM	-1
yknW	sigW	1
yknW	abrB	-1
ywlF	tnrA	-1
gpr	sigG	1
gpr	sigF	1
gpr	spoVT	-1
gpr	rsfA	1
cotO	sigE	1
ssuC	sigA	1
ssuC	cymR	-1
ssuC	spx	-1
ytwI	sigK	1
slrR	sinR	-1
slrR	abrB	-1
slrR	abh	1
gutR	ccpA	-1
gutR	gutR	0
sumT	sigA	1
sumT	S-box-SAM	-1
sumT	cymR	-1
yoxC	sigB	1
ktrA	ydaO riboswitch	1
fosB	sigW	1
sleB	sigG	1
sleB	spoVT	-1
yojJ	sigG	1
ykvI	sigE	1
ykvI	spoIIID	-1
proI	T-box-PRO	1
yhcA	sigG	1
yhcA	comK	1
ykzI	sigB	1
ykzI	sigK	1
folEB	sigA	1
folEB	zur	-1
sirB	sigA	1
sirB	S-box-SAM	-1
sirB	cymR	-1
ydjH	sigW	1
ydjH	abrB	-1
mtnE	sigA	1
iolG	sigA	1
iolG	iolR	-1
iolG	ccpA	-1
gerBC	sigG	1
gerBC	spoVT	-1
ygaN	sigA	1
ygaN	cymR	-1
ygaN	spx	-1
yrbE	degA	0
rplB	stringent response	-1
asnH	codY	-1
asnH	abrB	-1
aprX	sigA	1
aprX	sigK	1
aprX	lexA	-1
ogt	sigH	1
ogt	sigA	1
ogt	codY	0
tsf	stringent response	-1
argG	ahrC	-1
yjcH	codY	0
yozL	lexA	-1
yuzL	sigA	1
yuzL	sdpR	1
yuzL	fadR	-1
yuzL	ccpA	-1
spoVAD	sigG	1
spoVAD	spoVT	1
pdhA	sigA	1
pdhA	stringent response	-1
comEB	sigA	1
comEB	comN	0
comEB	comK	1
pabA	sigA	1
pabA	TRAP	-1
csbD	sigB	1
dhbF	sigA	1
dhbF	fur	-1
dhbF	abrB	-1
yfkD	sigB	1
yfkD	sigG	1
yaaI	sigB	1
ygxB	sigB	1
thiS	Thi-box	-1
thiS	tenI	-1
yhcC	sigG	1
yhcC	comK	1
yhfW	sigF	1
yonT	as-yonT	-1
htpG	sigA	1
spoVB	sigE	1
spoVB	spoIIID	-1
yhdB	sigE	1
yknZ	sigW	1
yknZ	abrB	-1
thiT	Thi-box	-1
pbuE	A-box-ADE	1
yusN	sigG	1
yusN	spoVT	-1
yitD	sigK	1
yitD	sigE	1
yitD	spoIIID	-1
fruA	fruR	-1
fruA	spo0A	-1
fruA	ccpA	-1
flhA	sigD	1
flhA	sigA	1
flhA	spo0A	-1
flhA	codY	-1
trpP	sigA	1
trpP	TRAP	-1
yfkE	sigG	1
yfkE	sigB	1
oxdC	yvrI-YvrHa	1
rsbRD	sigB	1
dctR	sigA	1
dctR	dctR	1
dctR	ccpA	-1
thiD	Thi-box	-1
thiD	tenI	-1
resC	sigA	1
resC	resD	1
resC	phoP	1
resC	ccpA	-1
yfnG	sigK	1
yfnG	sigE	1
comER	sigE	1
fliR	sigD	1
fliR	sigA	1
fliR	spo0A	-1
fliR	codY	-1
yrrS	sigF	1
yrrS	sigE	1
spo0F	sigH	1
spo0F	sigA	1
spo0F	spo0A	1
ycnK	ycnK	-1
ycnK	abrB	-1
bsaA	sigH	1
yrrT	sigA	1
yrrT	spx	1
yrrT	cymR	-1
yoxA	sigH	1
yoxA	sigB	1
pucB	sigA	1
pucB	tnrA	1
pucB	pucR	1
bacF	sigH	1
bacF	scoC	-1
bacF	codY	-1
bacF	abrB	-1
yvgN	sigB	1
yvgN	sinR	-1
nucA	comK	1
phrE	sigH	1
phrE	sigA	1
phrE	comA	1
phrE	codY	-1
phrE	ccpA	-1
phrE	abrB	-1
ycgQ	sigM	1
yokL	abrB	-1
liaS	sigA	1
liaS	liaR	1
liaS	abrB	-1
yxaB	sigB	1
yxaB	abrB	-1
yxzF	sigB	1
ymfH	mta	1
dctS	sigA	1
dctS	dctR	1
dctS	ccpA	-1
yetO	sigE	1
ybxG	codY	0
ycsG	sigK	1
ycsG	tnrA	1
ycsG	kipR	-1
thiV	sigK	1
thiV	Thi-box	-1
yqfQ	sigK	1
menC	sigA	1
spsG	sigK	1
spsG	sigE	1
epsB	sigA	1
epsB	sigH	1
epsB	sinR	-1
epsB	abrB	-1
thiM	sigA	1
coaX	sigM	1
purD	sigA	1
purD	purR	-1
purD	G-box-HXTX	1
purD	G-box-GUA	1
yokJ	abrB	-1
yqjX	lexA	-1
yuxL	sigH	1
rocC	sigL	1
rocC	rocR	1
rocC	codY	-1
rocC	ahrC	1
rocC	abrB	-1
yhcJ	sigK	1
yneF	spo0A	1
yneF	lexA	0
ileS	T-box-ILE	1
gudP	ycbG	-1
cotC	sigK	1
cotC	spoIIID	-1
cotC	gerE	1
ytrD	sigA	1
ytrD	ytrA	-1
ybdN	abrB	-1
yurZ	sigG	1
drm	sigA	1
drm	ccpA	-1
srfAD	sigA	1
srfAD	spx	-1
srfAD	perR	1
srfAD	comA	1
srfAD	codY	-1
srfAD	abh	-1
rpsF	stringent response	-1
rpsF	comK	1
ylqB	sigD	1
ylqB	abrB	-1
cgeA	sigK	1
cgeA	gerR	1
cgeA	gerE	1
sspJ	sigG	1
spoIIIAE	sigE	1
spoIIIAE	gerR	-1
spoIIIAE	spoIIID	-1
spoIIIAE	gerE	-1
ybxB	stringent response	-1
ganB	lacR	-1
ganB	ccpA	0
yhcO	sigK	1
yhcO	sigE	1
yfkO	sigF	1
yfkO	hypR	1
ctaE	sigA	1
ctaE	resD	1
ctaE	ccpA	-1
ctaE	abrB	-1
ctaE	abh	-1
sspC	sigG	1
sspC	spoVT	1
frlO	frlR	-1
frlO	codY	-1
spsB	sigK	1
dppA	sigA	1
dppA	codY	-1
dppA	abrB	-1
spoVR	sigE	1
cgeD	sigK	1
cgeD	gerE	1
ydiO	lexA	-1
yxkF	ccpA	-1
bkdAA	sigL	1
bkdAA	codY	-1
bkdAA	bkdR	1
bkdAA	tnrA	-1
bmrR	sigB	1
bmrR	sigA	1
bmrR	mta	1
bmrR	bmrR	1
yvbF	yvbF/YvaV	0
spoIIR	sigF	1
spoIIR	rsfA	-1
ylxS	sigA	1
ylxS	stringent response	-1
ytfI	sigF	1
yfjR	yclJ	1
bdbC	sigE	1
bdbC	comK	1
bkdAB	sigL	1
bkdAB	codY	-1
bkdAB	bkdR	1
bkdAB	tnrA	-1
yvdQ	sigG	1
ybaS	sigE	1
ybaS	gerR	-1
ydfN	mhqR	-1
uxuA	sigE	1
uxuA	sigA	1
uxuA	exuR	-1
uxuA	ccpA	-1
uxuA	spoIIID	-1
gabD	sigA	1
gabD	sigB	1
gabD	gabR	1
ypgQ	sigH	1
ldh	sigA	1
ldh	rex	-1
ldh	resD	1
ldh	arfM	1
ldh	alsR	1
ldh	fnr	0
yrbD	sigE	1
yrbD	tnrA	0
yxnB	codY	-1
yxnB	abrB	-1
tepA	sigG	1
tepA	spoVT	-1
yycN	sigE	1
uxaB	sigE	1
uxaB	sigA	1
uxaB	exuR	-1
uxaB	ccpA	-1
uxaB	spoIIID	-1
yodE	mhqR	-1
ywcH	sigD	1
ywcH	sigA	1
ywcH	spx	1
ywcH	spo0A	-1
rapI	sigH	1
rapI	sigA	1
ynzD	abrB	-1
yhcS	sigH	1
ydbP	sigB	1
spoIVA	sigE	1
spoIVA	spoIIID	-1
ykuJ	sigA	1
ykuJ	spo0A	1
ykuJ	ccpC	-1
ykuJ	ccpA	-1
ktrB	ydaO riboswitch	1
bofC	sigG	1
bofC	sigF	1
bofC	sigB	1
bofC	ccpA	-1
bofC	spoVT	-1
yuiA	codY	-1
yuiA	tnrA	0
ykoW	sigK	1
pucM	sigA	1
pucM	tnrA	1
pucM	pucR	1
yfkI	sigB	1
yfkI	sigA	1
mpr	sigE	1
mpr	spoIIID	1
fumC	sigH	1
fumC	sigA	1
fumC	ccpA	-1
fliQ	sigD	1
fliQ	sigA	1
fliQ	spo0A	-1
fliQ	codY	-1
kbaA	sigE	1
kbaA	spoIIID	-1
cssR	sigA	1
cssR	cssR	1
yydJ	sigA	1
yydJ	rok	-1
yydJ	abrB	-1
antE	sigA	1
antE	abrB	-1
recA	sigA	1
recA	lexA	-1
recA	comK	1
yabG	sigK	1
albE	sigA	1
albE	rok	-1
albE	resD	1
albE	abrB	-1
ddl	sigM	1
ybaJ	abrB	-1
yokU	sigE	1
yugU	sigB	1
mreB	sigM	1
mreB	sigH	1
cysI	sigA	1
cysI	cysL	1
cysI	yetL	0
ywnF	sigK	1
ywnF	sigF	1
lplA	ccpA	0
ydcI	spoIIID	1
ntdB	sigA	1
ntdB	sigE	1
ntdB	ntdR	1
ntdB	gerR	-1
yetG	fur	-1
ytcB	sigK	1
bcd	sigL	1
bcd	codY	-1
bcd	bkdR	1
bcd	tnrA	-1
hemL	sigA	1
hemL	perR	-1
khtS	sigE	1
araR	sigA	1
araR	araR	-1
araR	ccpA	0
spo0E	sigB	1
spo0E	sigA	1
spo0E	rok	-1
spo0E	abrB	-1
mdxD	sigK	1
mdxD	sigE	1
mdxD	mdxR	0
bcrC	sigX	1
bcrC	sigW	1
bcrC	sigM	1
bcrC	sigI	1
rpmB	stringent response	-1
tatCD	phoP	1
yvnA	ccpA	-1
yvnA	abrB	-1
pyrP	sigA	1
pyrP	pyrR	1
pyrP	purR	-1
ybbD	codY	0
ybbD	murR	0
ycdG	sigB	1
yxiS	sigB	1
thiI	codY	0
cydC	sigA	1
cydC	rex	-1
cydC	resD	1
cydC	ccpA	-1
kinC	sigA	1
kinC	spo0A	1
yjbE	sigE	1
yjbE	spoIIID	-1
nifS	sigA	1
nifS	nadR	-1
pgsA.1	degU	1
pgsA.1	tnrA	0
yflA	sigB	1
yflA	abrB	-1
yflA	abh	-1
tcyJ	sigA	1
tcyJ	ytlI	1
tcyJ	cymR	-1
tcyJ	spx	-1
ykoM	sigH	1
ykoM	ccpA	0
yetM	yetL	-1
liaG	sigA	1
liaG	liaR	1
liaG	abrB	-1
yusW	sigF	1
mta	sigA	1
mta	mta	1
ylzJ	sigG	1
scoA	sigE	1
scoA	ccpA	-1
scoA	spoIIID	-1
yqfB	sigW	1
yhbH	sigE	1
yhbH	phoP	1
yhbH	spoIIID	-1
adeC	codY	0
yxjG	S-box-SAM	-1
nasE	sigA	1
nasE	tnrA	1
nasE	resD	1
nasE	nsrR	-1
nasE	fur	-1
nasE	arfM	1
nasE	codY	0
natB	natR	1
divIVA	spo0A	-1
purR	purR	-1
yodN	sigK	1
yodN	sigE	1
ponA	sigM	1
yuxJ	codY	0
tcyK	sigA	1
tcyK	ytlI	1
tcyK	cymR	-1
tcyK	spx	-1
yknT	sigE	1
yknT	spoIIID	1
yrpB	gltR	0
yugT	sigE	1
yugT	spx	1
cypA	sigE	1
cypA	gerR	-1
yesO	yesS	0
yesO	ccpA	0
yxbC	spo0A	1
yxbC	codY	-1
yxbC	abrB	-1
cotT	sigK	1
cotT	sigE	1
cotT	spoIIID	1
yqzO	sknR	-1
atpC	stringent response	-1
ssuD	sigA	1
ssuD	cymR	-1
ssuD	spx	-1
gltB	sigA	1
gltB	tnrA	-1
gltB	gltC	1
gltB	fsrA	-1
gltB	gltC2	-1
gltB	gltC1	1
gltB	gltC0	1
ydeK	yhdI/YdeL	0
lplB	ccpA	0
yrzK	sigG	1
yrzK	sigF	1
gyrB	sigA	1
gerM	sigE	1
gerM	spoIIID	-1
catE	yodB	-1
catE	catR	-1
yfkS	sigB	1
iolD	sigA	1
iolD	iolR	-1
iolD	ccpA	-1
yisS	degA	0
alsS	sigA	1
alsS	stringent response	1
alsS	rex	-1
alsS	alsR	1
alsS	ccpA	1
alsS	arfM	1
sacB	sigA	1
sacB	sacY	1
sacB	degU	1
sacB	tenA	1
sacB	sacT	1
spoIID	sigE	1
spoIID	spoIIID	-1
yqhQ	sigF	1
yqhQ	sigB	1
folB	sigA	1
folB	TRAP	-1
iolC	sigA	1
iolC	iolR	-1
iolC	ccpA	-1
spoIVFA	sigE	1
spoIVFA	spoIIID	-1
guaB	codY	1
rbsA	sigA	1
rbsA	ccpA	-1
rbsA	abrB	1
rbsA	rbsR	0
yqaL	sknR	-1
purA	sigA	1
purA	purR	-1
purA	yabJ	1
yjcQ	sigD	1
lrpC	sigA	1
yydA	dnaA	-1
leuC	sigA	1
leuC	tnrA	-1
leuC	fsrA	-1
leuC	codY	-1
leuC	ccpA	1
leuC	T-box-LEU	1
ymxH	sigE	1
rsbV	sigB	1
rsbV	sigA	1
rsbV	ccpA	-1
guaA	sigA	1
yvyI	sigA	1
yvyI	ccpA	0
yvcS	psdR	1
etfA	sigA	1
etfA	fadR	-1
etfA	ccpA	-1
ydfO	sigB	1
ydfO	mhqR	-1
sppA	sigW	1
purM	sigA	1
purM	purR	-1
purM	G-box-HXTX	1
purM	G-box-GUA	1
yyaT	yybA	0
yvaM	rghR	-1
malR	sigA	1
malR	glvR	1
malR	ccpA	-1
malR	malR	1
secA	sigA	1
cggR	sigA	1
cggR	cggR	-1
yerH	lexA	-1
ywcA	sigE	1
ywcA	spoIIID	-1
glcP	sigA	1
glcP	sigE	1
glcP	ntdR	1
glcP	gerR	-1
bmr	sigB	1
bmr	sigA	1
bmr	mta	1
bmr	bmrR	1
rsbT	sigB	1
rsbT	sigA	1
sipV	lexA	-1
yvgT	tnrA	0
sacP	sigA	1
sacP	sacT	1
sacP	ccpA	-1
sacP	sacY	1
yndD	sigG	1
yndD	spoVT	-1
liaH	sigA	1
liaH	liaR	1
liaH	abrB	-1
araQ	sigA	1
araQ	ccpA	-1
araQ	araR	-1
yneI	sigA	1
yneI	sigH	1
amhX	sigA	1
amhX	codY	0
rsoA	yvrI-YvrHa	1
rsoA	yvrHb	1
trpB	sigA	1
trpB	TRAP	-1
yorC	lexA	-1
phrF	sigH	1
phrF	comA	1
spoVAB	sigG	1
spoVAB	spoVT	1
xkdB	xre	-1
guaD	sigB	1
guaD	sigA	1
guaD	pucR	1
yclG	sigK	1
yclG	sigE	1
yclG	gerR	-1
yclG	tnrA	0
sspD	sigG	1
sspD	spoVT	1
yhcV	sigG	1
xylR	xylR	0
ylbN	stringent response	-1
glcU	sigG	1
glcU	spoVT	-1
ywpJ	glcR	0
natA	natR	1
cheB	sigD	1
cheB	sigA	1
cheB	spo0A	-1
cheB	codY	-1
yhcD	sigG	1
yhcD	comK	1
eglS	sigA	1
yugI	stringent response	-1
cwlD	sigG	1
cwlD	sigE	1
cwlD	lexA	-1
cwlD	spoVT	1
cwlD	spoIIID	-1
katA	perR	-1
acoA	sigL	1
acoA	sigK	1
acoA	ccpA	-1
acoA	acoR	1
oppB	tnrA	1
oppB	scoC	-1
oppB	codY	0
yabO	sigX	1
yabO	sigW	1
yabO	sigE	1
yabO	spoIIID	-1
glpF	sigA	1
glpF	glpP	1
glpF	ccpA	-1
glpF	abrB	1
ywlB	sigB	1
ywlB	sigE	1
ywlB	spoIIID	-1
gutP	sigA	1
gutP	gutR	1
hemA	sigA	1
hemA	perR	-1
yndE	sigG	1
yndE	spoVT	-1
ureB	sigH	1
ureB	sigA	1
ureB	tnrA	1
ureB	pucR	1
ureB	glnR	-1
ureB	codY	-1
pabB	sigA	1
pabB	TRAP	-1
tcyM	sigA	1
tcyM	ytlI	1
tcyM	cymR	-1
tcyM	spx	-1
phy	abrB	-1
gyrA	sigA	1
yclH	yclJ	1
tcyN	sigA	1
tcyN	ytlI	1
tcyN	cymR	-1
tcyN	spx	-1
pheT	sigA	1
pheT	T-box-PHE	1
yfnH	sigK	1
yfnH	sigE	1
cotY	sigK	1
cotY	gerR	1
cotY	gerE	1
ysxB	stringent response	-1
ysxB	L21_leader	0
spoVAC	sigG	1
spoVAC	spoVT	1
ykuU	abrB	-1
yfhF	sigB	1
yfhF	sigG	1
yfhF	sigF	1
kinA	sigH	1
kinA	stringent response	1
kinA	spo0A	1
ybfM	sigX	1
ybfM	sigA	1
yueG	sigK	1
ypuD	sigM	1
ypuD	sigB	1
ypuD	sigE	1
ypuD	lexA	-1
yhdT	codY	0
ctaA	sigE	1
ctaA	sigA	1
ctaA	resD	1
rbfA	sigB	1
rbfA	sigA	1
rbfA	stringent response	-1
ezrA	sigA	1
efeM	sigX	1
efeM	sigW	1
efeM	fur	-1
ydfS	sigG	1
ydfS	sigK	1
ydfS	spoVT	-1
rplR	stringent response	-1
cotZ	sigK	1
cotZ	sigE	1
cotZ	gerE	1
cotZ	gerR	1
yqfL	yqfL	1
arsR	sigF	1
arsR	sigA	1
arsR	arsR	-1
ycgO	sigE	1
ycgO	spo0A	1
ycgO	putR	1
ycgO	codY	-1
ycgO	spoIIID	1
ycgO	ccpA	-1
ykoV	sigG	1
ykoV	spoVT	1
cccA	ccpA	-1
cccA	abrB	-1
rodA	sigM	1
ytvI	sigE	1
ytvI	spoIIID	-1
yxlE	sigY	1
yojB	sigK	1
yxjC	sigE	1
yxjC	ccpA	-1
yxjC	spoIIID	-1
ypgR	sigH	1
ydfP	sigB	1
ydfP	mhqR	-1
spoVAEA	sigG	1
spoVAEA	spoVT	1
ylaD	ylaC	1
ylaD	sigA	1
ylaD	spx	1
rocE	sigL	1
rocE	spo0A	-1
rocE	rocR	1
rocE	codY	-1
rocE	ahrC	1
yurS	sigK	1
yurS	sigE	1
yurS	gerE	1
ssuA	sigA	1
ssuA	cymR	-1
ssuA	spx	-1
rplM	stringent response	-1
rplM	rplM	0
ndk	ccpA	0
rpsH	stringent response	-1
gerPB	sigK	1
gerPB	gerE	-1
ansZ	sigA	1
ansZ	tnrA	1
ansZ	codY	-1
fadE	sigA	1
fadE	sdpR	1
fadE	fadR	-1
fadE	ccpA	-1
thiG	Thi-box	-1
thiG	tenI	-1
ptsG	sigA	1
ptsG	stringent response	-1
ptsG	glcT	1
yfmJ	spo0A	1
yfhQ	sigG	1
yfhQ	sigA	1
yfhQ	yfhP	-1
yfhQ	spoVT	-1
yfhQ	rsfA	1
clsB	sigG	1
clsB	sigE	1
pucD	sigA	1
pucD	tnrA	1
pucD	pucR	1
glgC	sigE	1
glgC	sigH	1
divIB	sigM	1
divIB	sigE	1
divIB	sigA	1
divIB	spoIIID	-1
yvfR	yvfU	0
tig	stringent response	-1
liaI	sigA	1
liaI	liaR	1
liaI	abrB	-1
ycdF	sigB	1
arsB	sigF	1
arsB	sigA	1
arsB	arsR	-1
yfkN	phoP	1
yfkN	ccpA	-1
yjiA	sigK	1
catD	yodB	-1
catD	catR	-1
yxjF	sigE	1
yxjF	ccpA	-1
yxjF	spoIIID	-1
hprT	sigM	1
blt	sigA	1
blt	mta	1
blt	bltR	1
yfkR	sigG	1
ykvT	walR	1
pyrB	sigA	1
pyrB	pyrR	1
pyrB	purR	-1
alsT	tnrA	-1
dhbE	sigA	1
dhbE	fur	-1
dhbE	abrB	-1
splB	sigG	1
splB	splA	-1
uxuB	sigE	1
uxuB	sigA	1
uxuB	exuR	-1
uxuB	ccpA	-1
uxuB	spoIIID	-1
appF	scoC	-1
appF	codY	-1
appF	tnrA	0
tuaE	sigA	1
tuaE	phoP	1
veg	sigA	1
gbsB	gbsR	-1
hemAT	sigD	1
yerC	spo0A	1
yvlD	sigW	1
yvlD	abrB	-1
narG	sigA	1
narG	fnr	1
yhcN	sigG	1
yhcN	sigF	1
yitG	sigG	1
yngJ	sigE	1
yngJ	spoIIID	-1
yvnB	sigG	1
pstS	sigA	1
pstS	phoP	1
yybM	rok	-1
yybM	spo0A	1
ywdJ	tnrA	-1
garD	ycbG	-1
ybfO	sigW	1
ybfO	abrB	-1
ycnD	yczG	0
queD	preQ1 riboswitch	-1
recJ	stringent response	-1
rapH	sigA	1
rapH	rghR	-1
rapH	comK	1
rapH	abrB	-1
yumC	tnrA	0
yumC	fur	0
rnc	sigK	1
rnc	sigA	1
rnc	stringent response	-1
rnc	gerE	1
glnH	sigE	1
glnH	tnrA	1
glnH	codY	0
yhcI	sigG	1
yhcI	comK	1
yhcI	gabR	0
ytbD	ytcD	0
glyA	sigA	1
glyA	purR	-1
ytrI	sigE	1
ytrI	spoIIID	-1
ytrI	lexA	0
gspA	sigB	1
yfhP	sigK	1
yfhP	yfhP	-1
glpD	sigA	1
glpD	glpP	1
glpD	ccpA	-1
glpD	abrB	1
flhF	sigD	1
flhF	sigA	1
flhF	spo0A	-1
flhF	codY	-1
fabD	sigA	1
fabD	fapR	-1
fabD	comA	1
ykfD	codY	-1
ykaA	spo0A	-1
araL	sigA	1
araL	ccpA	-1
araL	araR	-1
wapA	sigA	1
wapA	yvrHb	1
wapA	degU	-1
yjaZ	sigE	1
spoVM	sigE	1
spoVM	spoIIID	1
yrpC	sigK	1
ybaN	sigE	1
ybaN	spoIIID	-1
yrkC	sigK	1
pit	spo0A	-1
rapJ	tnrA	0
yodC	yodB	-1
treP	sigA	1
treP	treR	-1
treP	phoP	1
treP	ccpA	-1
pupG	sigA	1
pupG	ccpA	-1
rpoC	stringent response	-1
ykvQ	sigK	1
hutP	sigA	1
hutP	codY	-1
hutP	ccpA	-1
hutP	abrB	1
yvmC	abrB	-1
ykbA	purR	0
hutI	sigA	1
hutI	hutP	1
hutI	codY	-1
hutI	ccpA	-1
yybP	RNA - yybP-ykoY	0
yjbJ	sigD	1
ypuB	sigB	1
ylmH	spo0A	-1
ydhE	liaR	1
epsH	sigA	1
epsH	sigH	1
epsH	sinR	-1
epsH	eAR	0
epsH	abrB	-1
yfmD	fur	-1
pbpG	sigG	1
pbpG	sigF	1
ydhU.1	fur	-1
yerB	spo0A	1
yrvJ	sigH	1
uvrX	lexA	-1
cheD	sigD	1
cheD	sigA	1
cheD	spo0A	-1
cheD	codY	-1
rplO	stringent response	-1
yocH	sigA	1
yocH	walR	1
yocH	spo0A	1
yocH	abrB	-1
rocR	sigA	1
rocR	rocR	-1
rocR	codY	0
yxaM	codY	-1
yxaM	abrB	-1
yesS	yesS	1
yesS	ccpA	0
hxlA	hxlR	1
yhzE	sigK	1
yhzE	gerE	1
ytrB	sigA	1
ytrB	ytrA	-1
msrB	spx	1
tasA	sigA	1
tasA	sinR	-1
tasA	abrB	-1
tasA	spo0A	1
infA	stringent response	-1
yetL	yetL	0
ydaF	sigB	1
purT	sigA	1
yvlA	sigW	1
yvlA	abrB	-1
ydcP	sigG	1
cydA	sigA	1
cydA	rex	-1
cydA	resD	1
cydA	ccpA	-1
yxlC	sigY	1
yvaK	sigB	1
phrC	sigH	1
phrC	sigA	1
phrC	comA	1
phrC	codY	-1
phrC	ccpA	-1
rpsR	stringent response	-1
rpsR	comK	1
ywrC	ywrC	0
ykuT	sigB	1
citM	sigA	1
citM	citT	1
citM	ccpA	-1
ydfA	aseR	-1
ydfA	czrA	0
engD	comK	1
liaF	sigA	1
liaF	liaR	1
liaF	abrB	-1
ccpB	sigG	1
slrA	ywcC	-1
gapB	sigA	1
gapB	ccpN	-1
ppsE	abrB	-1
yqaP	abrB	-1
yclQ	fur	-1
araN	sigA	1
araN	ccpA	-1
araN	araR	-1
natA.1	abrB	-1
pyrK	sigA	1
pyrK	pyrR	1
pyrK	purR	-1
rbsK	sigA	1
rbsK	ccpA	-1
rbsK	abrB	1
rbsK	rbsR	0
hisF	hisR	0
yppE	spo0A	1
ybzH	ybzH	0
fliZ	sigD	1
fliZ	sigA	1
fliZ	spo0A	-1
fliZ	codY	-1
gerPF	sigK	1
gerPF	gerE	-1
sipT	degU	1
ydfE	ydfF	0
pucF	sigA	1
pucF	pucR	1
iolE	sigA	1
iolE	iolR	-1
iolE	ccpA	-1
yuxG	rhaR	0
yxjA	G-box-HXTX	1
yxjA	G-box-GUA	1
ycgT	sigA	1
ycgT	fur	-1
gudB	sigA	1
ohrB	sigB	1
ycgP	putR	0
ycgP	codY	0
frlD	frlR	-1
frlD	codY	-1
yhjQ	sigK	1
msmE	ccpA	-1
msmE	msmR	0
bioW	birA	-1
yqgO	sigG	1
opuBC	sigA	1
opuBC	gbsR	-1
opuBC	codY	0
opuBC	yvbF/YvaV	0
acoC	sigL	1
acoC	sigK	1
acoC	ccpA	-1
acoC	acoR	1
yvdP	sigK	1
yvdP	sigG	1
epsG	sigA	1
epsG	sigH	1
epsG	sinR	-1
epsG	eAR	0
epsG	abrB	-1
gerPA	sigK	1
gerPA	gerE	-1
ykfA	codY	-1
yrzE	sigE	1
yrzE	spoIIID	-1
yabK	sigG	1
yabK	sigF	1
yocL	sigE	1
rplP	stringent response	-1
yttP	sigH	1
yttP	spo0A	1
yttP	phoP	1
yttP	ccpA	-1
desK	desR	0
fliD	sigD	1
malA	sigA	1
malA	glvR	1
malA	ccpA	-1
malA	malR	1
gntP	sigK	1
gntP	sigA	1
gntP	gntR	-1
gntP	ccpA	-1
gntP	abrB	1
gntP	ccpB	-1
trpF	sigA	1
trpF	TRAP	-1
yvlC	sigW	1
yvlC	abrB	-1
yknV	sigE	1
appB	scoC	-1
appB	codY	-1
appB	tnrA	0
pcrA	lexA	-1
yxxG	sigA	1
yxxG	yvrHb	1
yxxG	degU	-1
yitE	sigK	1
yitE	sigE	1
yitE	spoIIID	-1
ispA.1	sigA	1
ispA.1	scoC	-1
ispA.1	ipi	1
ispA.1	degU	1
yvrC	RNA - Cobalamin	0
gabR	sigA	1
gabR	gabR	-1
mtnD	sigA	1
mtnD	S-box-SAM	-1
ylbE	sigK	1
yebD	sigG	1
ybcL	ybzH	0
phoR	sigE	1
phoR	sigB	1
phoR	sigA	1
phoR	phoP	1
phoR	ccpA	-1
phoR	scoC	-1
phoR	resD	1
yuiB	codY	-1
yuiB	tnrA	0
yfjC	sigE	1
yoaR	sigG	1
pgm	sigA	1
pgm	cggR	-1
frlB	frlR	-1
frlB	codY	-1
rpsM	stringent response	-1
ycnE	yczG	0
spoIIAB	sigH	1
spoIIAB	sigG	1
spoIIAB	sigF	1
spoIIAB	spo0A	1
spoIIAB	sinR	-1
spoIIAB	abrB	-1
spoIIAB	spoVT	-1
rapK	sigH	1
rapK	abrB	-1
rpsI	stringent response	-1
rpsI	rplM	0
yppD	spo0A	1
azlC	azlB	-1
yrrD	sigG	1
yrrD	spoVT	1
pucA	sigA	1
pucA	tnrA	1
pucA	pucR	1
spoIIP	sigF	1
spoIIP	sigE	1
spoIIP	gerR	-1
spoIIP	gerE	-1
yxeP	sigA	1
yxeP	cymR	-1
yxeP	spx	-1
yycO	sigK	1
yycO	sigE	1
yycO	phoP	1
aroE	sigA	1
aroE	TRAP	-1
mcsA	sigF	1
mcsA	sigB	1
mcsA	sigA	1
mcsA	ctsR	-1
yorD	abrB	-1
pyrC	sigA	1
pyrC	pyrR	1
pyrC	purR	-1
gdh	sigG	1
gdh	spoVT	-1
ydjI	sigW	1
ydjI	abrB	-1
tenI	Thi-box	-1
tenI	tenI	-1
ydcC	sigE	1
ydcC	spoIIID	-1
thrZ	sigA	1
thrZ	T-box-THR	1
lonB	sigF	1
yxlD	sigY	1
yuzJ	sigA	1
yuzJ	tnrA	1
yuzJ	pucR	1
levE	sigL	1
levE	levR	1
levE	ccpA	-1
yngHA	sigE	1
yngHA	spoIIID	-1
yngHA	ccpA	0
pgcM	sigK	1
pgcM	sigE	1
pgcM	mdxR	0
clpP	sigB	1
clpP	sigA	1
clpP	ctsR	-1
mtnU	sigA	1
bofA	sigE	1
bofA	spoIIID	-1
yrpD	abrB	-1
era	sigB	1
era	sigA	1
era	spo0A	1
icd	sigA	1
icd	citB	0
icd	ccpC	-1
icd	ccpA	-1
icd	codY	0
opuCC	codY	0
opuCC	yvbF/YvaV	0
yaaB	sigA	1
yngA	yclJ	1
spoVAF	sigG	1
spoVAF	spoVT	1
ycgG	sigE	1
ycgG	sigK	1
ycgG	spoIIID	-1
qoxB	stringent response	-1
yqgQ	ccpA	0
atpB	stringent response	-1
flgC	sigD	1
flgC	sigA	1
flgC	spo0A	-1
flgC	codY	-1
ywbI	sigA	1
ywbI	ywbI	0
yjmD	sigE	1
yjmD	sigA	1
yjmD	exuR	-1
yjmD	ccpA	-1
yjmD	spoIIID	-1
rsmG	comK	1
ltaSA	sigM	1
thiF	Thi-box	-1
thiF	tenI	-1
purS	sigA	1
purS	purR	-1
purS	G-box-HXTX	1
purS	G-box-GUA	1
argI	sigL	1
argI	spo0A	-1
argI	rocR	1
argI	codY	-1
argI	ahrC	1
spoIISA	sigK	1
nrdF	sigA	1
nrdF	resD	1
nrdF	nrdR	0
glnP	sigE	1
glnP	tnrA	1
glnP	codY	0
yyaC	sigF	1
ureC	sigH	1
ureC	sigA	1
ureC	tnrA	1
ureC	pucR	1
ureC	glnR	-1
ureC	codY	-1
qoxC	stringent response	-1
yozI	perR	0
ypiB	sigH	1
sipS	sigA	1
sipS	degU	1
speD	sigA	1
speD	ccpN	-1
melA	ccpA	-1
melA	msmR	0
mecB	sigK	1
dusB	sigA	1
dusB	TRAP	-1
yybL	rok	-1
yybL	spo0A	1
fadH	sigA	1
fadH	fadR	-1
ydiP	lexA	-1
safA	sigE	1
safA	sigG	1
ykuO	sigA	1
ykuO	fur	-1
bdbD	sigE	1
bdbD	comK	1
pyrG	sigA	1
pyrG	CTP-box	1
relA	sigB	1
yuzA	sigG	1
yuzA	sigB	1
sda	sigA	1
sda	lexA	-1
sda	dnaA	-1
yrzA	sigK	1
yhfS	birA	0
ywqE	abrB	-1
ispD	sigM	1
ispD	sigB	1
kduI	sigA	1
kduI	kdgR	-1
kduI	ccpA	-1
yqaJ	sknR	-1
yycA	yclJ	1
yycA	tnrA	0
sigF	sigH	1
sigF	sigG	1
sigF	sigF	1
sigF	spo0A	1
sigF	sinR	-1
sigF	abrB	-1
sigF	spoVT	-1
yocJ	yodB	-1
yobB	abrB	-1
albF	sigA	1
albF	rok	-1
albF	resD	1
albF	abrB	-1
sigV	sigV	1
yhdI	yhdI/YdeL	0
yjaV	sigE	1
ahpC	sigA	1
ahpC	perR	-1
ycsN	sigH	1
nhaX	sigB	1
ilvA	codY	-1
pucC	sigA	1
pucC	tnrA	1
pucC	pucR	1
ycnJ	ycnK	-1
ycnJ	csoR	-1
sspL	sigG	1
ppsC	abrB	-1
yqgX	ccpA	0
aseR	aseR	-1
aseR	czrA	0
dltD	sigX	1
dltD	sigM	1
dltD	sigD	1
dltD	yvrHb	1
dltD	stringent response	-1
dltD	spo0A	-1
yhaA	codY	0
yerD	sigB	1
gerKB	sigG	1
gerKB	spoVT	-1
ysxE	sigE	1
cysK	sigA	1
cysK	spx	1
cysK	cymR	-1
spoIIIAB	sigE	1
spoIIIAB	gerR	-1
spoIIIAB	spoIIID	-1
spoIIIAB	gerE	-1
yxlF	sigY	1
hemC	sigA	1
hemC	perR	-1
lexA	lexA	-1
comFB	sigD	1
comFB	sigA	1
comFB	comK	1
yeeK	sigK	1
yqaB	sigK	1
folK	sigA	1
folK	TRAP	-1
pdp	sigK	1
pdp	sigA	1
pdp	deoR	-1
pdp	ccpA	-1
yeaA	sigW	1
yeaA	sigE	1
nadB	sigA	1
nadB	nadR	-1
phrA	sigA	1
phrA	spo0A	-1
phrA	comA	1
phrA	codY	-1
comGD	sigA	1
comGD	comK	1
comGD	comZ	-1
adcA	sigA	1
adcA	zur	-1
purL	sigA	1
purL	purR	-1
purL	G-box-HXTX	1
purL	G-box-GUA	1
degU	sigA	1
degU	tnrA	-1
degU	degU	1
degU	ccpA	1
gtaB	sigB	1
gtaB	sigA	1
albB	sigA	1
albB	rok	-1
albB	resD	1
albB	abrB	-1
oxaAA	sigA	1
ykfC	codY	-1
yfhC	fur	-1
murE	stringent response	-1
cycB	lacR	-1
cycB	ccpA	0
qcrA	sigA	1
qcrA	resD	1
qcrA	ccpA	-1
qcrA	abrB	-1
dnaJ	sigA	1
dnaJ	hrcA	-1
dnaJ	arfM	0
ftsY	sigK	1
ftsY	sigA	1
ftsY	stringent response	-1
ftsY	gerE	1
murG	sigE	1
murG	sigA	1
murG	spoIIID	-1
cotH	sigK	1
cotH	sigE	1
cotH	gerE	-1
cwlH	sigK	1
cwlH	gerE	1
cotI	sigK	1
hslO	sigM	1
pyrAB	sigA	1
pyrAB	pyrR	1
pyrAB	purR	-1
yocR	codY	0
ywjA	fur	-1
ytrH	sigE	1
ytrH	lexA	0
yngF	sigE	1
yngF	spoIIID	-1
yngF	ccpA	0
gerKC	sigG	1
gerKC	spoVT	-1
bpr	degU	1
cypX	abrB	-1
pgsC	degU	1
pgsC	tnrA	0
yydF	sigA	1
yydF	abrB	-1
yydF	rok	-1
epsL	sigA	1
epsL	sigH	1
epsL	sinR	-1
epsL	eAR	0
epsL	abrB	-1
yabM	sigX	1
yabM	sigW	1
yabM	sigE	1
yabM	spoIIID	-1
rsgI	sigI	1
ylxH	sigD	1
ylxH	sigA	1
ylxH	spo0A	-1
ylxH	codY	-1
gerBB	sigG	1
gerBB	spoVT	-1
sucC	sigA	1
sucC	ccpA	-1
metQ	sigA	1
metQ	S-box-SAM	-1
metQ	codY	1
mdxG	sigK	1
mdxG	sigE	1
mdxG	mdxR	0
azlB	azlB	-1
yqjL	sigW	1
yqjL	sigM	1
yqjL	sigB	1
yqjL	sigX	1
yhaX	sigE	1
yhaX	spoIIID	-1
adaB	sigA	1
adaB	adaA	1
yqcG	spo0A	1
yqcG	abrB	-1
yneJ	sigA	1
yneJ	sigH	1
yodS	sigE	1
khtT	sigE	1
gmuD	sigA	1
gmuD	gmuR	-1
gmuD	ccpA	-1
gmuD	abrB	1
rocB	sigL	1
rocB	rocR	1
rocB	codY	-1
rocB	ahrC	1
rocB	abrB	-1
yfmO	sigA	1
yfmO	yfmP	-1
gerAC	sigG	1
gerAC	sigF	1
gerAC	spoVT	-1
ydcA	sigE	1
yusZ	codY	0
yflJ	sigE	1
yxeM	sigA	1
yxeM	cymR	-1
yxeM	spx	-1
spoIIB	spo0A	1
yrkI	yrkD	0
bioD	birA	-1
yqgE	sigG	1
ylbA	abrB	-1
katX	sigF	1
katX	sigB	1
katX	rsfA	1
ackA	sigA	1
ackA	codY	1
ackA	ccpA	1
albD	sigA	1
albD	rok	-1
albD	resD	1
albD	abrB	-1
rpmEB	sigB	1
rpmEB	zur	-1
yhcR	sigH	1
gcvPA	Gly-box	-1
gcvPA	spoVT	1
gcvPA	T-box-GLY	-1
sepF	spo0A	-1
hutH	sigA	1
hutH	hutP	1
hutH	codY	-1
hutH	ccpA	-1
arsC	sigF	1
arsC	sigA	1
arsC	arsR	-1
yhfM	sigF	1
epsF	sigA	1
epsF	sigH	1
epsF	sinR	-1
epsF	eAR	0
epsF	abrB	-1
bdbA	yvrHb	1
bdbA	rok	-1
bdbA	abrB	-1
bdbA	abh	1
cotM	sigK	1
cotM	sigE	1
cotM	gerE	-1
spoIVB	sigG	1
spoIVB	sigF	1
spoIVB	spoVT	1
spoIVB	spoIIID	1
ganA	lacR	-1
ganA	ccpA	0
yczF	sigG	1
wprA	yvrHb	1
wprA	ccpA	-1
sigH	sigA	1
sigH	sigH	1
sigH	abrB	-1
treR	sigA	1
treR	treR	-1
treR	phoP	1
treR	ccpA	-1
yrpE	zur	0
flgE	sigD	1
flgE	sigA	1
flgE	spo0A	-1
flgE	codY	-1
cotS	sigK	1
cheC	sigD	1
cheC	sigA	1
cheC	spo0A	-1
cheC	codY	-1
yhfO	sigE	1
yhfO	spoIIID	-1
metS	sigA	1
metS	spo0A	-1
yxlG	sigY	1
comGF	sigA	1
comGF	comK	1
comGF	comZ	-1
appA	scoC	-1
appA	codY	-1
appA	tnrA	0
adk	stringent response	-1
ymaG	sigK	1
xtmA	xpf	1
yhcZ	sigA	1
yhcZ	sigE	1
yhcZ	liaR	1
skfA	sigA	1
skfA	spo0A	1
skfA	phoP	1
skfA	abrB	-1
oppC	tnrA	1
oppC	scoC	-1
oppC	codY	0
yqzH	lexA	-1
glcF	ccpA	0
ydaE	sigB	1
ypmP	codY	-1
ytbE	ytcD	0
ylbK	sigE	1
ylbK	spoIIID	-1
amyE	sigA	1
amyE	ccpA	-1
amyE	abrB	1
amyE	degU	1
pssA	sigX	1
pssA	sigA	1
tlp	sigG	1
tlp	sigF	1
ybbE	codY	0
ybbE	murR	0
hisH	hisR	0
dinB	lexA	-1
tyrA	sigA	1
tyrA	TRAP	-1
albA	sigA	1
albA	rok	-1
albA	resD	1
albA	abrB	-1
fadF	sigA	1
fadF	fadR	-1
purQ	sigA	1
purQ	purR	-1
purQ	G-box-HXTX	1
purQ	G-box-GUA	1
uvrB	lexA	-1
ysxC	sigA	1
ysxC	ctsR	-1
yceD	sigX	1
yceD	sigW	1
yceD	sigM	1
yceD	sigB	1
yceD	sigA	1
tuaD	sigA	1
tuaD	phoP	1
ydhD	sigE	1
ybdM	sigG	1
mtrB	sigA	1
phoA	sigA	1
phoA	sigG	1
phoA	phoP	1
phoA	tenA	1
phoA	codY	0
araB	sigA	1
araB	ccpA	-1
araB	araR	-1
sodF	sigE	1
ybfQ	sigW	1
yuaB	degU	1
yuaB	abrB	-1
rapB	sigA	1
licR	sigA	1
yjcZ	sigK	1
yjcZ	gerE	1
hag	sigD	1
hag	scoC	-1
hag	csrA	-1
hag	codY	-1
yesJ	sigE	1
yesJ	spoIIID	1
psiE	yrkP	1
ylmA	codY	-1
citB	sigA	1
citB	fsrA	-1
citB	codY	-1
citB	ccpC	-1
citB	ccpA	-1
citB	tnrA	1
citB	abrB	1
rapG	sigA	1
rapG	sigH	1
rapG	sinR	-1
rapG	rghR	-1
lytB	sigD	1
lytB	sigA	1
lytB	yvrHb	-1
lytB	slrR	-1
lytB	lytR	-1
ftsX	spo0A	-1
yvhJ	spo0A	-1
mtnK	sigA	1
mtnK	S-box-SAM	-1
alrB	sigE	1
manA	manR	1
infC	sigA	1
infC	stringent response	-1
infC	rplT	-1
hmp	sigA	1
hmp	resD	1
hmp	nsrR	-1
hmp	arfM	1
hmp	spoVT	1
yjoB	sigW	1
yydH	sigA	1
yydH	rok	-1
yydH	abrB	-1
ggaA	sigA	1
ypuA	sigM	1
ydaT	sigB	1
yfnE	sigK	1
yfnE	sigE	1
yfnE	gerR	-1
yjcM	abrB	-1
yjcM	spo0A	1
bceB	bceR	1
glnT	sigA	1
glnT	glnL	1
glnT	ccpA	0
ccpA	sigA	1
ppsA	abrB	-1
ytmI	sigA	1
ytmI	ytlI	1
ytmI	cymR	-1
ytmI	spx	-1
atpA	stringent response	-1
ykzH	sigK	1
ydbS	sigW	1
tatAD	phoP	1
ywnJ	sigX	1
ywnJ	sigW	1
ywnJ	sigM	1
ywnJ	sigF	1
accD	spo0A	1
yesU	yesS	1
yesU	ccpA	0
mcpB	sigD	1
yitB	sigK	1
pbpD	sigA	1
pbpD	codY	0
abrB	sigA	1
abrB	spo0A	-1
abrB	abrB	-1
pyrD	sigA	1
pyrD	pyrR	1
pyrD	purR	-1
yqhB	sigB	1
yqhB	lexA	-1
yjgC	sigB	1
cysS	sigA	1
cysS	T-box-CYS	1
cotF	sigK	1
cotF	sigE	1
cotF	spoIIID	1
yweA	abrB	-1
yqfD	sigE	1
yqfD	spoIIID	-1
yvfH	comA	1
yvfH	lutR	0
ypuC.1	sigB	1
ywrB	ywrC	0
cydB	sigA	1
cydB	rex	-1
cydB	resD	1
cydB	ccpA	-1
ywhH	comA	1
malP	sigA	1
malP	glvR	1
malP	ccpA	-1
malP	malR	1
ilvB	sigA	1
ilvB	tnrA	-1
ilvB	codY	-1
ilvB	ccpA	1
ilvB	T-box-LEU	1
yvfI	lutR	0
yvfI	ccpA	0
fhuC	fur	-1
yslB	sigE	1
yhcG	sigG	1
yhcG	comK	1
yhcG	gabR	0
rplL	stringent response	-1
rplL	rplJ	0
tagF	sigA	1
tagF	walR	1
tagF	phoP	-1
ppsD	abrB	-1
yfmF	fur	-1
tufA	stringent response	-1
sigX	sigX	1
sigX	sigA	1
sigX	yvrHb	1
pyrAA	sigA	1
pyrAA	pyrR	1
pyrAA	purR	-1
xkdE	xpf	1
ppsB	abrB	-1
ylxF	sigD	1
ylxF	sigA	1
ylxF	spo0A	-1
ylxF	codY	-1
citR	sigA	1
citR	codY	0
citR	citR	0
rpsC	stringent response	-1
yabT	sigF	1
licA	sigA	1
licA	licR	1
licA	ccpA	-1
licA	rbsR	0
lytF	sigD	1
lytF	slrR	-1
ykgA	sigB	1
hisZ	hisR	0
atpH	stringent response	-1
oatA	sigV	1
bioYB	birA	0
yheJ	abrB	-1
yppG	sigK	1
pdhD	sigA	1
pdhD	stringent response	-1
glpQ	sigA	1
glpQ	phoP	1
glpQ	glpP	1
glpQ	ccpA	-1
spoVG	sigH	1
spoVG	sinR	-1
spoVG	abrB	-1
spoVG	codY	0
speB	sigA	1
ywlC	dnaA	-1
yesL	sigH	1
mdxR	sigK	1
comGB	sigA	1
comGB	comK	1
comGB	comZ	-1
mdxF	sigK	1
mdxF	sigE	1
mdxF	mdxR	0
ybdK	comK	1
adhB	sigG	1
resE	sigA	1
resE	resD	1
resE	phoP	1
resE	ccpA	-1
dxs	stringent response	-1
ycbK	sigA	1
ycbK	T-box-TRP	1
ycbK	TRAP	-1
yhdF	sigB	1
rpmH	sigA	1
yxeD	sigG	1
yxeD	sigE	1
yxeD	abrB	-1
yxeD	spoVT	1
ybbB	fur	-1
sacY	sigA	1
sacY	sacY	1
sacY	sacT	1
sacY	degU	1
gapA	sigA	1
gapA	cggR	-1
cotU	sigK	1
cotU	gerR	1
cotU	gerE	1
gmuE	sigA	1
gmuE	gmuR	-1
gmuE	ccpA	-1
gmuE	abrB	1
kdgT	sigA	1
kdgT	kdgR	-1
kdgT	ccpA	-1
fliF	sigD	1
fliF	sigA	1
fliF	spo0A	-1
fliF	codY	-1
ythA	sigG	1
ywrK	sigK	1
yitA	sigK	1
yxeL	sigA	1
yxeL	cymR	-1
yxeL	spx	-1
yetF	sigF	1
recF	sigA	1
glgA	sigE	1
glgA	sigH	1
ffh	sigA	1
ywrE	sigW	1
ilvC	sigA	1
ilvC	tnrA	-1
ilvC	codY	-1
ilvC	ccpA	1
ilvC	T-box-LEU	1
tcyP	sigA	1
tcyP	cymR	-1
rpoB	sigA	1
rpoB	stringent response	-1
ycbP	sigB	1
rpsO	stringent response	-1
yclO	fur	-1
glnK	sigA	1
glnK	tnrA	1
nasC	sigA	1
nasC	tnrA	1
nasC	glnR	-1
nasC	T-O2	1
fhuG	fur	-1
murF	sigM	1
padC	padR	-1
glpK	sigE	1
glpK	sigA	1
glpK	glpP	1
glpK	ccpA	-1
glpK	abrB	1
grpE	sigA	1
grpE	hrcA	-1
grpE	arfM	0
ykuP	sigA	1
ykuP	fur	-1
ywoC	sigG	1
ywoC	ytrA	-1
glpT	sigA	1
glpT	glpP	1
glpT	ccpA	-1
ylmD	spo0A	-1
ylbD	sigK	1
pgk	sigA	1
pgk	cggR	-1
rsiV	sigV	1
recU	sigM	1
uxaA	sigE	1
uxaA	sigA	1
uxaA	exuR	-1
uxaA	ccpA	-1
uxaA	spoIIID	-1
yfhM	sigW	1
yfhM	sigB	1
yfhM	spoVT	1
ytlR	sigK	1
hutU	sigA	1
hutU	hutP	1
hutU	codY	-1
hutU	ccpA	-1
sbcC	comK	1
gerKA	sigG	1
gerKA	spoVT	-1
ytmO	sigA	1
ytmO	ytlI	1
ytmO	cymR	-1
ytmO	spx	-1
yhbI	comK	1
csn	abrB	-1
dppC	sigA	1
dppC	codY	-1
dppC	abrB	-1
cueR	codY	0
adcB	sigA	1
adcB	zur	-1
sacV	immR	-1
mtlF	mtlR	1
mtlF	ccpA	0
ymcA	fur	0
ytpR	spx	1
yfhE	sigB	1
yfhE	sigG	1
yfhE	sigF	1
tyrS	sigA	1
tyrS	T-box-TYR	1
gerAA	sigG	1
gerAA	sigF	1
gerAA	spoVT	-1
yngG	sigE	1
yngG	spoIIID	-1
yngG	ccpA	0
yfmT	sigD	1
ykoT	sigG	1
yrzI	abrB	-1
parB	spo0A	-1
thiW	sigK	1
thiW	Thi-box	-1
yhjB	comK	1
yhjB	codY	-1
hbs	sigH	1
hbs	sigA	1
hbs	lexA	-1
hbs	hbs	-1
spmA	sigE	1
spmA	spoIIID	-1
mcpA	sigD	1
mcpA	abrB	-1
flgM	sigD	1
flgM	sigA	1
flgM	scoC	-1
flgM	degU	1
flgM	comK	1
ribAB	sigA	1
ribAB	FMN-box	-1
desR	desR	0
yhjC	comK	1
yhjC	codY	-1
polYB	lexA	-1
yqxL	sigB	1
yqxL	lexA	-1
rbsD	sigA	1
rbsD	ccpA	-1
rbsD	abrB	1
rbsD	rbsR	0
secDF	sigM	1
yoaG	sigW	1
rbsC	sigA	1
rbsC	ccpA	-1
rbsC	abrB	1
rbsC	rbsR	0
ycgI	sigG	1
narK	sigA	1
narK	nsrR	-1
narK	fnr	1
yceF	sigX	1
yceF	sigW	1
yceF	sigM	1
yceF	sigB	1
yceF	sigA	1
ypeB	sigG	1
ypeB	spoVT	-1
yhdC	sigG	1
mccA	sigK	1
mccA	sigA	1
mccA	spx	1
mccA	cymR	-1
rpsB	stringent response	-1
yitF	sigG	1
iolS	sigA	1
iolS	iolR	-1
ywrD	tnrA	1
yozO	sigW	1
levG	sigL	1
levG	levR	1
levG	ccpA	-1
mmgC	sigE	1
mmgC	ccpA	-1
mmgC	spoIIID	-1
ywdI	tnrA	-1
manR	manR	1
manR	ccpA	-1
spsE	sigK	1
qcrC	resD	1
qcrC	abrB	-1
qcrC	ccpA	-1
yqfU	sigG	1
mapB	sigA	1
epr	sigD	1
epr	sinR	-1
epr	scoC	-1
epr	degU	1
ywbD	sinR	-1
yqaM	sknR	-1
skfH	spo0A	1
skfH	phoP	1
skfH	abrB	-1
glsB	sigE	1
glsB	spoIIID	-1
psd	sigX	1
psd	sigA	1
rplE	stringent response	-1
yazB	sigA	1
yazB	TRAP	-1
feuC	sigA	1
feuC	fur	-1
feuC	citB	1
feuC	btr	1
feuC	glcR	0
ykoY	sigK	1
ykoY	RNA - yybP-ykoY	0
rplV	stringent response	-1
phrI	sigH	1
phrI	sigA	1
yrkJ	yrkD	0
ylxR	sigA	1
ylxR	stringent response	-1
xylB	sigA	1
xylB	xylR	-1
xylB	ccpA	-1
xylB	ccpB	-1
ypqP	sigK	1
yxjJ	sigW	1
yxjJ	sigB	1
yxjJ	degU	-1
yflT	sigB	1
yebC	sigM	1
yocS	codY	0
queE	preQ1 riboswitch	-1
yulB	rhaR	0
yceG	sigX	1
yceG	sigW	1
yceG	sigM	1
yceG	sigB	1
yceG	sigA	1
yunC	sigK	1
ytvB	sigK	1
ytvB	sigE	1
rpmJ	stringent response	-1
yqaH	sknR	-1
yqeZ	sigW	1
clpQ	sigA	1
clpQ	codY	-1
lrgB	ccpA	0
lrgB	lytT	0
epsA	sigA	1
epsA	sigH	1
epsA	sinR	-1
epsA	abrB	-1
gcvT	Gly-box	-1
gcvT	spoVT	1
gcvT	T-box-GLY	-1
ycgA	codY	-1
yczL	sigA	1
yczL	zur	-1
ywmF	sigB	1
dacF	sigH	1
dacF	sigG	1
dacF	sigF	1
dacF	abrB	-1
dacF	spoVT	-1
dacF	spo0A	1
dnaG	sigH	1
dnaG	sigD	1
dnaG	sigB	1
dnaG	sigA	1
dnaG	spo0A	-1
lysC	sigA	1
lysC	L-box-LYS	-1
ydhU	fur	-1
resA	sigA	1
resA	resD	1
resA	phoP	1
resA	ccpA	-1
mntD	mntR	-1
scoC	senS	1
scoC	salA	-1
scoC	abrB	1
scoC	codY	0
yvzA	degU	1
yvzA	abrB	-1
gerPD	sigK	1
gerPD	gerE	-1
ylbP	ccpA	-1
spsL	sigK	1
yfkM	sigB	1
yfkM	fur	-1
fur	sigA	1
fur	perR	-1
fadM	sigK	1
fadM	sigA	1
fadM	sdpR	1
fadM	fadR	-1
yxeO	sigA	1
yxeO	cymR	-1
yxeO	spx	-1
rsmE	sigA	1
rsmE	hrcA	-1
rsmE	arfM	0
maeN	sigA	1
maeN	malR	1
csbA	sigB	1
csbA	sigA	1
ywfH	codY	-1
xynP	sigA	1
xynP	xylR	-1
xynP	ccpA	-1
nadA	sigA	1
nadA	nadR	-1
ydjG	sigW	1
ydjG	abrB	-1
cstA	ccpA	-1
metP	sigA	1
metP	S-box-SAM	-1
metP	codY	1
ytiB	zur	0
rplK	stringent response	-1
xynA	sigA	1
skfB	spo0A	1
skfB	phoP	1
skfB	abrB	-1
gatB	sigA	1
gatB	T-box-GLN	1
gatB	codY	0
gatB	ccpA	0
aldY	sigB	1
yitC	sigK	1
yitC	sigE	1
yitC	spoIIID	-1
gatA	sigA	1
gatA	T-box-GLN	1
gatA	codY	0
gatA	ccpA	0
cotD	sigK	1
cotD	spoIIID	-1
cotD	gerE	1
sul	sigA	1
sul	TRAP	-1
nasD	sigA	1
nasD	tnrA	1
nasD	resD	1
nasD	nsrR	-1
nasD	arfM	1
nasD	fur	-1
nasD	codY	0
licT	sigA	1
ybgA	ybgA	0
ybgA	codY	0
hxlB	hxlR	1
yaaA	sigA	1
opuAA	sigA	1
cysL	sigA	1
cysL	cysL	-1
cysL	yetL	0
yflH	sigB	1
yflH	sigA	1
mmgB	sigE	1
mmgB	ccpA	-1
mmgB	spoIIID	-1
asnS	sigA	1
hutG	sigA	1
hutG	hutP	1
hutG	codY	-1
hutG	ccpA	-1
kduD	sigA	1
kduD	kdgR	-1
kduD	ccpA	-1
ysmB	sigK	1
yesK	sigE	1
yesK	spoIIID	1
plsC	sigB	1
plsC	fapR	-1
yrhK	sigV	1
ytdA	sigK	1
ykvP	sigK	1
dprA	comK	1
fabHB	sigA	1
fabHB	fapR	-1
ykzW	ccpN	-1
acuB	sigA	1
acuB	ccpA	-1
acuB	codY	0
yusU	fur	0
xkdD	xre	-1
yteV	sigE	1
ytnI	sigA	1
ytnI	ytlI	1
ytnI	cymR	-1
ytnI	spx	-1
fapR	sigA	1
fapR	fapR	-1
fapR	comA	1
ubiD	bsdA	1
yknX	sigW	1
yknX	abrB	-1
iolH	sigA	1
iolH	iolR	-1
iolH	ccpA	-1
ykcC	yrkP	1
ykcC	yclJ	1
glyQ	T-box-GLY	1
yndL	sigK	1
comQ	sigA	1
yulE	rhaR	0
divIC	sigX	1
divIC	sigW	1
divIC	sigM	1
divIC	sigE	1
divIC	spoIIID	-1
xtrA	xre	-1
ccpC	sigA	1
ccpC	spo0A	1
ccpC	ccpA	-1
ccpC	ccpC	-1
yisZ	sigK	1
yknY	sigW	1
yknY	abrB	-1
gsiB	sigI	1
gsiB	sigB	1
motB	sigD	1
pbpE	sigW	1
pbpE	abrB	-1
pth	sigB	1
cimH	ccpA	-1
yvfV	sinR	-1
yvfV	lutR	-1
yvfV	fsrA	-1
leuS	T-box-LEU	1
ansA	sigA	1
ansA	ansR	-1
rplC	stringent response	-1
lonA	sigA	1
lonA	ctsR	-1
yhdH	codY	0
ksgA	sigF	1
yyzE	yydK	0
comGE	sigA	1
comGE	comK	1
comGE	comZ	-1
yoaB	S-box-SAM	-1
ylaE	abrB	-1
ylaE	abh	-1
yuaF	sigW	1
yuaF	codY	0
yclI	yclJ	1
yxeN	sigA	1
yxeN	cymR	-1
yxeN	spx	-1
ymaB	perR	-1
nrdE	perR	-1
nrdF	perR	-1
nrdI	perR	-1
ykoS	spoVT	-1
yqjB	spoVT	-1
yqjC	spoVT	-1
spoIIP	spoVT	-1
ylzJ	spoVT	-1
ykoT	spoVT	-1
clpC	sigM	1
ywtE	sigM	1
cysK	sigM	1
yabM	sigM	1
maf	sigM	1
yabN	sigM	1
sigM	sigM	1
yacD	sigM	1
efeU	sigM	1
yabQ	sigM	1
yabR	sigM	1
murG	sigM	1
comN	sigM	1
yngB	sigM	1
ywzH	sigM	1
yabO	sigM	1
yabP	sigM	1
mcsB	sigM	1
radA	sigM	1
ctsR	sigM	1
mcsA	sigM	1
yngA	sigM	1
minD	comK	1
minC	comK	1
mreC	comK	1
csrA	comK	1
fliW	comK	1
mreB	comK	1
mreD	comK	1
yviE	comK	1
ycdA	swrAA.1	1
yisI	pchR	1
yvmC	pchR	-1
yvmA	pchR	-1
cypX	pchR	-1
cotH	gerR	1
ywrJ	gerR	1
cotX	gerR	1
cotU	gerR	-1
murQ	murR	-1
ybbC	murR	-1
yfiS	yfiR	-1
yfiR	yfiR	-1
cotB	gerE	-1
ytcB	gerE	-1
ylbD	gerE	1
spsB	gerE	1
ysnD	gerE	-1
yfnH	gerE	1
ykzQ	gerE	1
cotS	gerE	1
spsK	gerE	1
yfnF	gerE	1
yfnE	gerE	1
yisY	gerE	-1
spsF	gerE	1
yeeK	gerE	1
spsA	gerE	1
lipC	gerE	1
spsL	gerE	1
spsE	gerE	1
spsG	gerE	1
yjzB	gerE	1
spsD	gerE	1
ytcC	gerE	-1
ytxO	gerE	1
yppG	gerE	1
ylbE	gerE	1
yhjQ	gerE	-1
tgl	gerE	-1
spsI	gerE	1
cotT	gerE	-1
spsJ	gerE	1
ywrJ	gerE	-1
cotSA	gerE	1
ytcA	gerE	-1
yfnG	gerE	1
gerT	gerE	-1
spsC	gerE	1
yfnD	gerE	1
ymaG	gerE	1
tyrZ	tyrZ	1
nasC	resD	1
glpK	resD	-1
ykuN	resD	1
ywcE	resD	-1
ykuP	resD	1
nasB	resD	1
glpF	resD	-1
ykuO	resD	1
ndh	resD	-1
ykoP	resD	1
S477	resD	1
ganR	ganR	-1
ganB	ganR	-1
ganA	ganR	-1
ganQ	ganR	-1
ganP	ganR	-1
thyB	ccpN	1
dfrA	ccpN	1
yotB	sigK	1
yotG	sigK	1
yotJ	sigK	1
ykzQ	sigK	1
xpaC	sigK	1
csfB	sigK	1
yrzN	sigK	1
yotC	sigK	1
yotM	sigK	1
yisY	sigK	1
cwlJ	sigK	1
yotE	sigK	1
yjzB	sigK	1
yosX	sigK	1
yaaN	sigK	1
yaaO	sigK	1
spoIISB	sigK	1
yotI	sigK	1
yotK	sigK	1
yotH	sigK	1
yotD	sigK	1
ykzK	xre	-1
yjzJ	xre	-1
yabD	spo0A	-1
yisK	spo0A	1
yisL	spo0A	1
epr	spo0A	1
sinI	spo0A	1
ykqA	spo0A	1
sinR	spo0A	1
ywzH	spo0A	-1
yodL	spo0A	1
ptkA	spo0A	1
ktrC	spo0A	1
yojF	spxA	1
ypjD	spxA	1
ytxK	spxA	1
msrA	spxA	1
tpx	spxA	1
cca	spxA	1
ytpP	spxA	1
srfAD	spxA	-1
ywcH	spxA	1
srfAB	spxA	-1
nfrA	spxA	1
yugT	spxA	1
coaX	spxA	1
cysK	spxA	1
trxA	spxA	1
yjbI	spxA	1
msrB	spxA	1
yrhC	spxA	1
yugJ	spxA	1
srfAC	spxA	-1
mtnN	spxA	1
mgsA	spxA	1
birA	spxA	1
yacD	spxA	1
ytvA	spxA	1
trxB	spxA	1
ylaB	spxA	1
ylaA	spxA	1
ylbQ	spxA	1
yrrT	spxA	1
yjbH	spxA	1
ylaD	spxA	1
ytpR	spxA	1
ylaC	spxA	1
ytpQ	spxA	1
dapB	spxA	1
yoyC	spxA	1
srfAA	spxA	-1
mccA	spxA	1
comS	spxA	-1
mccB	spxA	1
tyrZ	dtrR	-1
rpsC	sigA	1
rpsP	sigA	1
catE	sigA	1
yutE	sigA	1
ktrC	sigA	1
yloN	sigA	1
rpmC	sigA	1
rpsR	sigA	1
ypqP	sigA	1
msmE	sigA	1
yqiH	sigA	1
ybgB	sigA	1
rpsQ	sigA	1
bacC	sigA	1
mreB	sigA	1
yoyC	sigA	1
sigI	sigA	1
glpP	sigA	1
yviE	sigA	1
ycnJ	sigA	1
sufS	sigA	1
glcR	sigA	1
yvoD	sigA	1
mreD	sigA	1
ykoP	sigA	1
nagP	sigA	1
scoC	sigA	1
ydfM	sigA	1
asnH	sigA	1
ywoD	sigA	1
S477	sigA	1
proB	sigA	1
yojF	sigA	1
ypjD	sigA	1
rplE	sigA	1
yukE	sigA	1
rplO	sigA	1
bacD	sigA	1
sigA	sigA	1
tagG	sigA	1
yueD	sigA	1
radC	sigA	1
yxbB	sigA	1
manP	sigA	1
ytzK	sigA	1
yqaN	sigA	1
pycA	sigA	1
ypzF	sigA	1
yotE	sigA	1
sspH	sigA	1
msrA	sigA	1
sufC	sigA	1
cca	sigA	1
ywzB	sigA	1
yqaI	sigA	1
skfE	sigA	1
ywcE	sigA	1
ganB	sigA	1
yqaF	sigA	1
rpsK	sigA	1
yxnB	sigA	1
minD	sigA	1
ytpP	sigA	1
rpmD	sigA	1
pstA	sigA	1
ylqD	sigA	1
skfC	sigA	1
ohrR	sigA	1
trmFO	sigA	1
gbsB	sigA	1
rpmJ	sigA	1
mleA	sigA	1
yotC	sigA	1
bacF	sigA	1
catD	sigA	1
pstBB	sigA	1
dtpT	sigA	1
yqaK	sigA	1
yotM	sigA	1
yukB	sigA	1
sbcD	sigA	1
swrAA.1	sigA	1
ydcG	sigA	1
proI	sigA	1
yflI	sigA	1
comP	sigA	1
rnjA	sigA	1
cstA	sigA	1
ganA	sigA	1
ybfK	sigA	1
rimM	sigA	1
yutD	sigA	1
pstC	sigA	1
ybdZ	sigA	1
yqaG	sigA	1
rplQ	sigA	1
menD	sigA	1
minC	sigA	1
ywrA	sigA	1
copA	sigA	1
msrB	sigA	1
yvcI	sigA	1
mreC	sigA	1
yukD	sigA	1
yabE	sigA	1
yqzL	sigA	1
rplW	sigA	1
trmD	sigA	1
yueC	sigA	1
tatCD	sigA	1
ypbS	sigA	1
mhqA	sigA	1
sufD	sigA	1
tilS	sigA	1
yqiI	sigA	1
efeU	sigA	1
manR	sigA	1
yqaH	sigA	1
rpsF	sigA	1
proA	sigA	1
manA	sigA	1
skfF	sigA	1
qcrB	sigA	1
csrA	sigA	1
yqaJ	sigA	1
frlM	sigA	1
ycnK	sigA	1
ylqC	sigA	1
rpsE	sigA	1
rpsJ	sigA	1
ylbP	sigA	1
yosX	sigA	1
vmlR	sigA	1
yutF	sigA	1
ykqA	sigA	1
rplR	sigA	1
mtlD	sigA	1
fmt	sigA	1
ftsW	sigA	1
amyC	sigA	1
frlD	sigA	1
rplF	sigA	1
secY	sigA	1
yvcD	sigA	1
maf	sigA	1
mgsA	sigA	1
tatAD	sigA	1
recU	sigA	1
ycnL	sigA	1
rplP	sigA	1
bacB	sigA	1
whiA	sigA	1
skfG	sigA	1
yhxA	sigA	1
hprK	sigA	1
yqaM	sigA	1
yxaB	sigA	1
birA	sigA	1
yhdF	sigA	1
yojE	sigA	1
yvoF	sigA	1
cwlO	sigA	1
wprA	sigA	1
yotD	sigA	1
recO	sigA	1
bmrA	sigA	1
rpsS	sigA	1
melA	sigA	1
rnjB	sigA	1
glmM	sigA	1
yvcN	sigA	1
rpsH	sigA	1
proJ	sigA	1
lcfA	sigA	1
rpoC	sigA	1
yotI	sigA	1
secE	sigA	1
ywoB	sigA	1
frlB	sigA	1
rplS	sigA	1
rplV	sigA	1
murAA	sigA	1
yurJ	sigA	1
ylbQ	sigA	1
yotK	sigA	1
bacE	sigA	1
gbsA	sigA	1
ywoC	sigA	1
rplX	sigA	1
yotH	sigA	1
S56	sigA	1
adk	sigA	1
infA	sigA	1
pstBA	sigA	1
defA	sigA	1
topB	sigA	1
acoR	sigA	1
yueB	sigA	1
opuD	sigA	1
mtlR	sigA	1
mtlF	sigA	1
mtlA	sigA	1
pheA	sigA	1
fliW	sigA	1
yjdF	sigA	1
yvcJ	sigA	1
sbcC	sigA	1
frlN	sigA	1
yeaB	sigA	1
ysfE	sigA	1
ganQ	sigA	1
mleN	sigA	1
ytxM	sigA	1
proH	sigA	1
rpmGB	sigA	1
yxaM	sigA	1
ytpR	sigA	1
ybzG	sigA	1
yukC	sigA	1
cccA	sigA	1
skfH	sigA	1
amyD	sigA	1
lgt	sigA	1
braB	sigA	1
rsgI	sigA	1
skfB	sigA	1
hprT	sigA	1
ponA	sigA	1
sufB	sigA	1
rplB	sigA	1
yotB	sigA	1
msmR	sigA	1
ywrB	sigA	1
yotG	sigA	1
ycnI	sigA	1
yqaL	sigA	1
yotJ	sigA	1
yqzO	sigA	1
bacA	sigA	1
ssbA	sigA	1
minJ	sigA	1
qcrC	sigA	1
rpsM	sigA	1
rplC	sigA	1
crh	sigA	1
rpoA	sigA	1
rplD	sigA	1
ytpQ	sigA	1
dapB	sigA	1
tagH	sigA	1
yqdA	sigA	1
frlO	sigA	1
yneN	sigA	1
ganP	sigA	1
mbl	sigA	1
ytfP	sigA	1
ymfC	sigA	1
ptkA	sigA	1
yqiK	sigA	1
copZ	sigA	1
glpF	glpP	0
glpT	glpP	0
glpK	glpP	0
glpD	glpP	0
glpQ	glpP	0
yotB	sigE	1
yotG	sigE	1
yotJ	sigE	1
yuzH	sigE	1
murD	sigE	1
comZ	sigE	1
mraY	sigE	1
spsB	sigE	1
murE	sigE	1
yusQ	sigE	1
yotC	sigE	1
yotM	sigE	1
cotV	sigE	1
yotE	sigE	1
cotX	sigE	1
spsF	sigE	1
spsA	sigE	1
yisY	sigE	1
mutM	sigE	1
yugU	sigE	1
cotY	sigE	1
spsL	sigE	1
yosX	sigE	1
spsE	sigE	1
spsD	sigE	1
yhjQ	sigE	1
yotD	sigE	1
yppG	sigE	1
tgl	sigE	1
ywrJ	sigE	1
yotI	sigE	1
yotK	sigE	1
yusS	sigE	1
cotW	sigE	1
yotH	sigE	1
med	sigE	1
yqkF	sigE	1
polA	sigE	1
spsC	sigE	1
yaaO	sigW	1
fabHA	sigW	1
dhbC	sigI	1
dhbE	sigI	1
dhbB	sigI	1
ykuN	sigI	1
dhbA	sigI	1
ybdZ	sigI	1
fabI	sigI	1
dhbF	sigI	1
ykuP	sigI	1
ykuO	sigI	1
ykpC	sigI	1
yurJ	frlR	-1
xkdW	xpf	1
xkdP	xpf	1
xkzA	xpf	1
xkdV	xpf	1
xkdN	xpf	1
xepA	xpf	1
xlyA	xpf	1
xkdO	xpf	1
xkdT	xpf	1
xkdR	xpf	1
xkdQ	xpf	1
xkdS	xpf	1
xhlA	xpf	1
xhlB	xpf	1
xkzB	xpf	1
xkdU	xpf	1
xkdX	xpf	1
yxaH	qdoR	-1
tilS	tilS	1
hprT	tilS	1
ftsH	tilS	1
yetJ	cymR	-1
pucR	pucR	-1
ydaJ	sigB	1
yebE	sigB	1
ytfP	sigB	1
ydaC	sigB	1
S1134	sigB	1
yyzH	sigB	1
yflB	sigB	1
yvzE	sigB	1
ydzE	sigB	1
ylxR	sigB	1
ydaM	sigB	1
ywjA	sigB	1
yfkR	sigB	1
ymaE	sigB	1
ipi	sigB	1
ydaL	sigB	1
yflI	sigB	1
S1384	sigB	1
menC	sigB	1
yisP	sigB	1
luxS	sigB	1
yfkQ	sigB	1
infB	sigB	1
yqzL	sigB	1
yczO	sigB	1
ytiB	sigB	1
ydaN	sigB	1
ywsA	sigB	1
yjiC	sigB	1
ykzN	sigB	1
yebG	sigB	1
yvbG	sigB	1
yjiB	sigB	1
yydC	sigB	1
menE	sigB	1
recO	sigB	1
yybO	sigB	1
sigB	sigB	1
ylxS	sigB	1
ytkK	sigB	1
ykzC	sigB	1
opuD	sigB	1
ytkC	sigB	1
smpB	sigB	1
ywjB	sigB	1
ssrA	sigB	1
S1136	sigB	1
yyzG	sigB	1
nusA	sigB	1
secG	sigB	1
yflD	sigB	1
yuzH	sigB	1
yfhO	sigB	1
pnbA	abh	1
ctaB	abh	-1
degU	sinR	-1
lytC	sinR	-1
degS	sinR	-1
pnbA	sinR	-1
kapB	sinR	-1
mstX	sinR	-1
yugO	sinR	-1
kinB	sinR	-1
lytA	sinR	-1
lytB	sinR	-1
lytF	sinR	-1
flgD	swrA	1
fliZ	swrA	1
fliQ	swrA	1
fliM	swrA	1
fliI	swrA	1
flhF	swrA	1
cheA	swrA	1
cheW	swrA	1
cheY	swrA	1
sigD	swrA	1
fliR	swrA	1
fliL	swrA	1
fliP	swrA	1
flhA	swrA	1
flgE	swrA	1
fliY	swrA	1
cheD	swrA	1
flhB	swrA	1
ylxF	swrA	1
cheC	swrA	1
fliH	swrA	1
fliF	swrA	1
fliJ	swrA	1
flgC	swrA	1
flgB	swrA	1
fliG	swrA	1
fliK	swrA	1
cheB	swrA	1
fliE	swrA	1
yrdR	sigG	1
aag	sigG	1
yfkS	sigG	1
yqjB	sigG	1
ytzL	sigG	1
ykzP	sigG	1
ypzF	sigG	1
ypzI	sigG	1
yqjC	sigG	1
yfkT	sigG	1
yizC	sigG	1
yhdB	sigG	1
ypzG	sigG	1
spoIIP	sigG	1
yuzM	sigG	1
yitU	sigG	1
ykzE	sigG	1
yxzF	sigG	1
yrzO	sigG	1
yrzQ	sigG	1
yoyE	sigG	1
exoA	sigG	1
yrzR	sigG	1
sigO	sigO	1
oxdC	sigO	1
yvrJ	sigO	1
rsoA	sigO	1
srfAC	phoP	1
yycQ	phoP	1
ydjN	phoP	1
comS	phoP	1
rapK	phoP	1
phrK	phoP	1
srfAA	phoP	1
tagH	phoP	-1
srfAD	phoP	1
glpT	phoP	1
srfAB	phoP	1
tagG	phoP	-1
alsT	glnR	-1
dhbE	kre	-1
ykoP	kre	-1
S477	kre	-1
ykuN	kre	-1
dhbA	kre	-1
ybdZ	kre	-1
ykuP	kre	-1
dhbF	kre	-1
ykuO	kre	-1
dhbB	kre	-1
dhbC	kre	-1
sunA	dnaA	-1
sacT	dnaA	-1
yxaL	dnaA	-1
sunT	dnaA	-1
noc	dnaA	-1
bdbB	dnaA	-1
yybM	dnaA	-1
sda	dnaA	1
yybL	dnaA	-1
yxaJ	dnaA	-1
yybN	dnaA	-1
ywcI	dnaA	-1
vpr	dnaA	-1
bdbA	dnaA	-1
yybJ	dnaA	-1
yolJ	dnaA	-1
yybK	dnaA	-1
ywdA	sacT	0
sacA	sacT	0
sacP	sacT	0
yotC	csoR	-1
yotM	csoR	-1
yotE	csoR	-1
yosX	csoR	-1
yotI	csoR	-1
yotK	csoR	-1
yotH	csoR	-1
yotB	csoR	-1
yotG	csoR	-1
yotJ	csoR	-1
sucC	roxS	-1
epsE	remA	1
epsG	remA	1
opuAB	remA	1
epsL	remA	1
opuAA	remA	1
opuBA	remA	1
opuCB	remA	1
opuBB	remA	1
opuCD	remA	1
epsK	remA	1
sipW	remA	1
epsF	remA	1
opuAC	remA	1
opuBC	remA	1
epsN	remA	1
opuBD	remA	1
tasA	remA	1
epsC	remA	1
epsI	remA	1
epsD	remA	1
opuCA	remA	1
opuCC	remA	1
epsB	remA	1
epsO	remA	1
epsH	remA	1
epsM	remA	1
epsA	remA	1
epsJ	remA	1
yflI	nagR	-1
yflH	nagR	-1
nagP	nagR	-1
pyrAA	pyrR	0
pyrE	pyrR	0
pyrC	pyrR	0
pyrD	pyrR	0
pyrF	pyrR	0
pyrP	pyrR	0
pyrB	pyrR	0
pyrK	pyrR	0
pyrAB	pyrR	0
pyrR	pyrR	0
glcR	glcR	-1
pycA	yofA	1
yabP	sigD	1
yqaR	sigD	1
yviE	sigD	1
divIC	sigD	1
yxkH	sigD	1
swrAA.1	sigD	1
amyX	sigD	1
ytlR	sigD	1
ylqH	sigD	1
csrA	sigD	1
rnhB	sigD	1
S1350	sigD	1
yvbI	sigD	1
yjcM	sigD	1
yabM	sigD	1
yoyG	sigD	1
yabN	sigD	1
cgeE	sigD	1
yabR	sigD	1
yabQ	sigD	1
cgeD	sigD	1
ylqG	sigD	1
xkdA	sigD	1
ywzH	sigD	1
cgeC	sigD	1
ytlP	sigD	1
fliW	sigD	1
yqaS	sigD	1
ytlQ	sigD	1
yvaQ	sigD	1
minJ	sigD	1
yabO	sigD	1
ywzH	yvrHb	1
acoL	fnr	1
acoA	fnr	1
acoC	fnr	1
acoB	fnr	1
ykrK	ykrK	0
ytnM	ascR	1
tcyM	ascR	1
tcyL	ascR	1
tcyN	ascR	1
tcyJ	ascR	1
tcyK	ascR	1
rapI	comA	1
acpA	comA	1
phrI	comA	1
tagG	walR	1
mreBH	walR	1
ykzS	walR	1
ydjN	walR	1
wapA	walR	-1
rsgI	walR	1
tagH	walR	1
ykpC	walR	1
sigI	walR	1
ysdA	rplT	0
rpmI	rplT	0
infC	rplT	0
rplT	rplT	0
degS	tnrA	-1
hom	tnrA	-1
ysnD	tnrA	1
yuiB	tnrA	-1
pycA	tnrA	-1
dtpT	tnrA	1
yuiA	tnrA	-1
yfiS	tnrA	1
appC	tnrA	1
appA	tnrA	1
yoyD	tnrA	-1
yycA	tnrA	-1
ftsW	tnrA	-1
yvgT	tnrA	-1
appB	tnrA	1
appD	tnrA	1
appF	tnrA	1
yfiR	tnrA	1
yrbD	tnrA	1
thrC	tnrA	-1
thrB	tnrA	-1
appA.1	tnrA	1
yonT	SR6	0
ylxP	nusA	-1
ylxR	nusA	-1
infB	nusA	-1
ylxS	nusA	-1
rbfA	nusA	-1
nusA	nusA	-1
ykzU	fadR	-1
pksD	codY	1
argF	codY	-1
ytzK	codY	-1
hom	codY	-1
pksM	codY	1
trmFO	codY	-1
argB	codY	-1
carB	codY	-1
ybfJ	codY	-1
tyrS	codY	-1
nprE	codY	-1
pksL	codY	1
pksG	codY	1
oppD	codY	-1
argJ	codY	-1
pksR	codY	1
ispA	codY	-1
pksH	codY	1
vpr	codY	-1
carA	codY	-1
oppF	codY	-1
pksE	codY	1
pksF	codY	1
pksN	codY	1
aprE	codY	-1
oppB	codY	-1
amhX	codY	-1
braB	codY	-1
thrC	codY	-1
yneN	codY	-1
thrB	codY	-1
pksJ	codY	1
pksC	codY	1
oppA	codY	-1
argD	codY	-1
argC	codY	-1
acpK	codY	1
oppC	codY	-1
pksI	codY	1
mpr	codY	-1
scoC	codY	-1
yuzH	spoIIID	-1
murD	spoIIID	-1
mraY	spoIIID	-1
murE	spoIIID	-1
cotB	spoIIID	1
cotH	spoIIID	1
yugU	spoIIID	-1
cotX	spoIIID	1
ywrJ	spoIIID	1
cotW	spoIIID	1
opuBA	opcR	-1
opuCB	opcR	-1
opuCD	opcR	-1
opuBB	opcR	-1
opuBC	opcR	-1
opuBD	opcR	-1
opuCA	opcR	-1
opuCC	opcR	-1
hom	thrR	-1
thrC	thrR	-1
thrB	thrR	-1
ispE	purR	-1
sigO	rsoA	1
oxdC	rsoA	1
yvrJ	rsoA	1
rsoA	rsoA	1
tilS	hprT	1
ftsH	hprT	1
hprT	hprT	1
ydcG	pamR	-1
ydcF	pamR	-1
ptsI	glcT	0
ptsH	glcT	0
ptsG	glcT	0
hutP	hutP	0
hutI	hutP	0
hutU	hutP	0
hutH	hutP	0
hutM	hutP	0
hutG	hutP	0
lexA	rocR	-1
yesY	rhgR	1
yesZ	rhgR	1
yesV	rhgR	1
yesU	rhgR	1
yesW	rhgR	1
yesX	rhgR	1
ywrA	chrS	-1
ywrB	chrS	-1
yneN	fsrA	-1
tuaE	sigF	1
cydC	sigF	1
cydB	sigF	1
ypzI	sigF	1
ytzL	sigF	1
tuaA	sigF	1
ywzB	sigF	1
comGE	sigF	1
spoIIE	sigF	1
tuaD	sigF	1
ctsR	sigF	1
comGA	sigF	1
lplD	sigF	1
comGF	sigF	1
ymfJ	sigF	1
comGC	sigF	1
cydA	sigF	1
tilS	sigF	1
comGD	sigF	1
citH	sigF	1
tuaA.1	sigF	1
comGB	sigF	1
cydD	sigF	1
gmk	sigF	1
yrzO	sigF	1
comGG	sigF	1
yrzQ	sigF	1
murAA	sigF	1
tuaB	sigF	1
yloC	sigF	1
ytzC	sigF	1
yabS	sigF	1
yrzR	sigF	1
ftsH	sigF	1
yrdR	sigF	1
hprT	sigF	1
tuaC	sigF	1
minD	sigV	1
ydgB	sigV	1
ytvB	sigV	1
ycgQ	sigV	1
mmgA	sigV	1
mreB	sigV	1
spoIIB	sigV	1
bcrC	sigV	1
mreD	sigV	1
yuzH	sigV	1
radC	sigV	1
yqjL	sigV	1
pbpX	sigV	1
ddl	sigV	1
cotP	sigV	1
ycgR	sigV	1
yrhH	sigV	1
dltB	sigV	1
yvaF	sigV	1
yocL	sigV	1
dltC	sigV	1
yvaD	sigV	1
yxjF	sigV	1
yebC	sigV	1
dltA	sigV	1
minC	sigV	1
mreC	sigV	1
yvaE	sigV	1
maf	sigV	1
dltE	sigV	1
yugU	sigV	1
dltD	sigV	1
scoB	sigV	1
murF	sigV	1
mmgB	sigV	1
ytwF	sigV	1
scoA	sigV	1
abh	sigV	1
ydgA	sigV	1
ywzH	sigV	1
mmgC	sigV	1
nhaC	nhaX	1
ydzS.1	aseR	-1
ydzS	aseR	-1
yqjY	lexA	-1
yqkA	lexA	-1
yqkB	lexA	-1
rocR	lexA	-1
yqjZ	lexA	-1
ytsJ	lexA	-1
yqkC	lexA	-1
minJ	degU	1
ptkA	degU	1
swrAA.1	degU	1
comFC	degU	1
cheY	degU	0
sigD	degU	0
yukE	degU	1
cheB	degU	-1
yviE	degU	1
yueD	degU	1
fliY	degU	0
fliI	degU	-1
yukB	degU	1
comFB	degU	1
flhF	degU	-1
cheA	degU	-1
cheW	degU	-1
fliK	degU	-1
yukD	degU	1
yueC	degU	1
flhA	degU	-1
fliR	degU	-1
fliL	degU	-1
fliP	degU	-1
fliQ	degU	-1
flgE	degU	-1
cheD	degU	-1
flhB	degU	-1
csrA	degU	1
ylxF	degU	-1
comFA	degU	1
cheC	degU	-1
fliH	degU	-1
fliF	degU	-1
fliM	degU	-1
flgD	degU	-1
fliZ	degU	-1
fliJ	degU	-1
yvyF	degU	1
flgC	degU	-1
flgB	degU	-1
fliG	degU	-1
yueB	degU	1
yloA	degU	-1
yukC	degU	1
fliW	degU	1
fliE	degU	-1
degS	degU	1
yisL	sigH	1
ydcS	immR	-1
yddJ	immR	-1
ydcP	immR	-1
yddI	immR	-1
ydzL	immR	-1
yddA	immR	-1
yddF	immR	-1
S172	immR	-1
ydcO	immR	-1
ydcQ	immR	-1
ydcT	immR	-1
trpB	mtrB	0
tyrA	mtrB	0
pabA	mtrB	-1
hisC	mtrB	0
trpD	mtrB	0
ycbK	mtrB	-1
trpF	mtrB	0
trpE	mtrB	0
trpA	mtrB	0
trpC	mtrB	0
aroE	mtrB	0
trpP	mtrB	-1
feuB	citB	0
qoxC	citB	0
qoxB	citB	0
qoxA	citB	0
feuC	citB	0
qoxD	citB	0
ybbA	citB	0
gerE	citB	0
feuA	citB	0
thiV	Thi-box	0
thiC	Thi-box	0
thiS	Thi-box	0
thiW	Thi-box	0
thiO	Thi-box	0
tenA	Thi-box	0
thiD	Thi-box	0
thiF	Thi-box	0
thiG	Thi-box	0
thiU	Thi-box	0
tenI	Thi-box	0
thiT	Thi-box	0
thiX	Thi-box	0
ytzK	ccpA	-1
yqxJ	ccpA	-1
ganP	ccpA	-1
dprA	ccpA	-1
rsbU	ccpA	-1
yslB	ccpA	0
yvmA	ccpA	-1
topA	ccpA	-1
tyrS	ccpA	-1
ganB	ccpA	-1
degS	ccpA	1
rapC	ccpA	-1
phrF	ccpA	-1
ganA	ccpA	-1
phrA	ccpA	-1
rapA	ccpA	-1
rsbT	ccpA	-1
yesL	ccpA	-1
whiA	ccpA	-1
ctaB	ccpA	-1
yvcN	ccpA	-1
yesN	ccpA	-1
rapG	ccpA	-1
yvcJ	ccpA	-1
ysfE	ccpA	-1
rsbS	ccpA	-1
ganQ	ccpA	-1
crh	ccpA	-1
yneN	ccpA	-1
ycnI	abrB	-1
pksM	abrB	-1
ycbC	abrB	-1
spoIIGA	abrB	-1
sigE	abrB	-1
ycnJ	abrB	-1
ybdZ	abrB	-1
pksL	abrB	-1
pksG	abrB	-1
yfmJ	abrB	-1
pksR	abrB	-1
pksH	abrB	-1
pksF	abrB	-1
pksN	abrB	-1
pksE	abrB	-1
ctaB	abrB	-1
secE	abrB	-1
pksJ	abrB	-1
pksC	abrB	-1
rpmGB	abrB	-1
ywbE	abrB	-1
yloA	abrB	-1
acpK	abrB	-1
pksI	abrB	-1
ycbG	abrB	-1
ycbD	abrB	-1
yflD	abrB	-1
yqcF	abrB	-1
ybfQ	abrB	-1
phrH	abrB	-1
pksD	abrB	-1
sipW	lutR	1
tasA	lutR	1
rplL	rplL	0
rplJ	rplL	0
yfhO	sigX	1
ybfK	sigX	1
ywzH	sigX	1
yhdF	citR	-1
ykkD	YkkC riboswitch	0
ykkC	YkkC riboswitch	0
levB	sacY	0
sacX	sacY	0
sacY	sacY	0
sacB	sacY	0
S477	nsrR	-1
ykuN	nsrR	-1
nasC	nsrR	-1
ykuP	nsrR	-1
nasB	nsrR	-1
ykuO	nsrR	-1
ykoP	nsrR	-1
hisA	ylxR	0
frlO	ylxR	0
hisF	ylxR	0
hisZ	ylxR	0
hisI	ylxR	0
argF	ylxR	0
proB	ylxR	0
opuCB	ylxR	0
opuCD	ylxR	0
argB	ylxR	0
carB	ylxR	0
hisD	ylxR	0
rpsNB	ylxR	0
yhfH	ylxR	0
proA	ylxR	0
frlM	ylxR	0
artQ	ylxR	0
argG	ylxR	0
argJ	ylxR	0
hisB	ylxR	0
frlD	ylxR	0
carA	ylxR	0
frlB	ylxR	0
yurJ	ylxR	0
opuCA	ylxR	0
yoyE	ylxR	0
opuCC	ylxR	0
argH	ylxR	0
yufS	ylxR	0
frlN	ylxR	0
hisG	ylxR	0
artP	ylxR	0
artR	ylxR	0
argD	ylxR	0
hisH	ylxR	0
argC	ylxR	0
yhfT	birA	-1
yhfS	birA	-1
comFC	scoC	-1
yviE	scoC	-1
comFB	scoC	-1
csrA	scoC	-1
comFA	scoC	-1
braB	scoC	-1
yvyF	scoC	-1
fliW	scoC	-1
catE	fur	-1
ybdZ	fur	-1
dctP	fur	0
catD	fur	-1
gltB	fur	0
nasC	fur	-1
yusU	fur	-1
nasB	fur	-1
ywiE	fur	-1
gltA	fur	0
ykoP	fur	-1
S477	fur	-1
yfmB	fur	-1
bglH	licT	0
yxiE	licT	0
bglS	licT	0
bglP	licT	0
ybgB	gamR	-1
yhdN	fapR	-1
ymaB	nrdR	-1
nrdE	nrdR	-1
nrdF	nrdR	-1
nrdI	nrdR	-1
yneN	ccpC	-1
ydfM	mntR	0
yeaB	mntR	0
yvrB	B12 riboswitch	0
yvrC	B12 riboswitch	0
yvqK	B12 riboswitch	0
yvrA	B12 riboswitch	0
epsO	EAR riboswitch	0
epsH	EAR riboswitch	0
epsM	EAR riboswitch	0
epsA	EAR riboswitch	0
epsJ	EAR riboswitch	0
epsG	EAR riboswitch	0
epsE	EAR riboswitch	0
epsL	EAR riboswitch	0
epsK	EAR riboswitch	0
epsF	EAR riboswitch	0
epsN	EAR riboswitch	0
epsC	EAR riboswitch	0
epsD	EAR riboswitch	0
epsI	EAR riboswitch	0
epsB	EAR riboswitch	0
ribD	FMN-box	0
ribE	FMN-box	0
ribH	FMN-box	0
gcvT	Gly-box	0
gcvPB	Gly-box	0
gcvPA	Gly-box	0
mgtE	M-box	0
queC	preQ1 riboswitch	0
queE	preQ1 riboswitch	0
queD	preQ1 riboswitch	0
queF	preQ1 riboswitch	0
pyrG	RNA switch	0
manP	RNA switch	0
manA	RNA switch	0
vmlR	RNA switch	0
yjdF	RNA switch	0
mraY	stringent response	-1
ylaH	stringent response	-1
divIB	stringent response	-1
murD	stringent response	-1
apt	stringent response	-1
sbp	stringent response	-1
murB	stringent response	-1
ftsW	stringent response	1
ylqC	stringent response	-1
ypuI	stringent response	-1
recN	stringent response	-1
ctc	stringent response	-1
yqxC	stringent response	-1
rpmA	stringent response	-1
ylxX	stringent response	-1
ahrC	stringent response	-1
S56	stringent response	-1
spoVE	stringent response	-1
murG	stringent response	-1
ylxW	stringent response	-1
ybzG	stringent response	-1
ywzH	stringent response	-1
proB	T-box	0
serS	T-box	0
pheT	T-box	0
tyrS	T-box	0
valS	T-box	0
mrnC	T-box	0
rtpA	T-box	0
yrzB	T-box	0
ilvC	T-box	0
proI	T-box	0
folC	T-box	0
leuC	T-box	0
ycbK	T-box	0
pheS	T-box	0
proA	T-box	0
leuA	T-box	0
thrS	T-box	0
tyrZ	T-box	0
cysE	T-box	0
yrrK	T-box	0
glyA	T-box	0
yacP	T-box	0
glyQ	T-box	0
gltX	T-box	0
ilvB	T-box	0
yvbW	T-box	0
cysS	T-box	0
leuB	T-box	0
aspS	T-box	0
leuS	T-box	0
hisS	T-box	0
glyS	T-box	0
ywhA	T-box	0
yrzL	T-box	0
thrZ	T-box	0
ilvH	T-box	0
leuD	T-box	0
ileS	T-box	0
alaS	T-box	0
ktrA	ydaO riboswitch	0
ktrB	ydaO riboswitch	0
yybP	yybP-ykoY motif	0
ykoY	yybP-ykoY motif	0
