run,size,performance,genes
run1_4,10,0.955286561264822,pcp;ydfQ;thiL;yflP;yhaM;spoVE;yoaE;yrbC;ccpA;licR
run1_5,9,0.955780632411067,pcp;ydfQ;thiL;yflP;yhaM;spoVE;yoaE;yrbC;ccpA;licR
run1_6,8,0.949851778656126,pcp;ydfQ;thiL;yflP;yhaM;spoVE;yoaE;yrbC;ccpA;licR
run1_7,7,0.944169960474308,pcp;ydfQ;thiL;yflP;yhaM;spoVE;yoaE;yrbC;ccpA;licR
run1_8,6,0.933053359683794,pcp;ydfQ;thiL;yflP;yhaM;spoVE;yoaE;yrbC;ccpA;licR
run2_5,10,0.933300395256917,pcp;ydfQ;thiL;yflP;yhaM;spoVE;yoaE;yrbC;ccpA;licR
run2_6,9,0.943922924901186,pcp;ydfQ;thiL;yflP;yhaM;spoVE;yoaE;yrbC;ccpA;licR
run2_7,8,0.949604743083004,pcp;ydfQ;thiL;yflP;yhaM;spoVE;yoaE;yrbC;ccpA;licR
run2_8,7,0.938982213438735,pcp;ydfQ;thiL;yflP;yhaM;spoVE;yoaE;yrbC;ccpA;licR
run2_9,6,0.922430830039526,pcp;ydfQ;thiL;yflP;yhaM;spoVE;yoaE;yrbC;ccpA;licR
run2_10,5,0.906126482213439,pcp;ydfQ;thiL;yflP;yhaM;spoVE;yoaE;yrbC;ccpA;licR
run3_6,10,0.945158102766798,pcp;ydfQ;thiL;yflP;yhaM;spoVE;yoaE;yrbC;ccpA;licR
run3_7,9,0.939723320158103,pcp;ydfQ;thiL;yflP;yhaM;spoVE;yoaE;yrbC;ccpA;licR
run3_8,8,0.945158102766798,pcp;ydfQ;thiL;yflP;yhaM;spoVE;yoaE;yrbC;ccpA;licR
run3_9,7,0.939723320158103,pcp;ydfQ;thiL;yflP;yhaM;spoVE;yoaE;yrbC;ccpA;licR
run3_10,6,0.912055335968379,pcp;ydfQ;thiL;yflP;yhaM;spoVE;yoaE;yrbC;ccpA;licR
run3_11,5,0.906373517786561,pcp;ydfQ;thiL;yflP;yhaM;spoVE;yoaE;yrbC;ccpA;licR
run4_2,8,0.917243083003953,pcp;ydfQ;thiL;yflP;yhaM;spoVE;yoaE;yrbC;ccpA;licR
run5_8,8,0.906126482213439,pcp;ydfQ;thiL;yflP;yhaM;spoVE;yoaE;yrbC;ccpA;licR
run5_9,7,0.900197628458498,pcp;ydfQ;thiL;yflP;yhaM;spoVE;yoaE;yrbC;ccpA;licR
run6_2,10,0.944664031620553,pcp;ydfQ;thiL;yflP;yhaM;spoVE;yoaE;yrbC;ccpA;licR
run6_3,9,0.93354743083004,pcp;ydfQ;thiL;yflP;yhaM;spoVE;yoaE;yrbC;ccpA;licR
run6_4,8,0.922430830039526,pcp;ydfQ;thiL;yflP;yhaM;spoVE;yoaE;yrbC;ccpA;licR
run6_5,7,0.928112648221344,pcp;ydfQ;thiL;yflP;yhaM;spoVE;yoaE;yrbC;ccpA;licR
run6_6,6,0.900938735177866,pcp;ydfQ;thiL;yflP;yhaM;spoVE;yoaE;yrbC;ccpA;licR
run7_5,10,0.944911067193676,pcp;ydfQ;thiL;yflP;yhaM;spoVE;yoaE;yrbC;ccpA;licR
run7_6,9,0.928112648221344,pcp;ydfQ;thiL;yflP;yhaM;spoVE;yoaE;yrbC;ccpA;licR
run7_7,8,0.934041501976285,pcp;ydfQ;thiL;yflP;yhaM;spoVE;yoaE;yrbC;ccpA;licR
run7_8,7,0.93354743083004,pcp;ydfQ;thiL;yflP;yhaM;spoVE;yoaE;yrbC;ccpA;licR
run7_9,6,0.922430830039526,pcp;ydfQ;thiL;yflP;yhaM;spoVE;yoaE;yrbC;ccpA;licR
run7_10,5,0.900197628458498,pcp;ydfQ;thiL;yflP;yhaM;spoVE;yoaE;yrbC;ccpA;licR
run8_5,10,0.950345849802372,pcp;ydfQ;thiL;yflP;yhaM;spoVE;yoaE;yrbC;ccpA;licR
run8_6,9,0.933300395256917,pcp;ydfQ;thiL;yflP;yhaM;spoVE;yoaE;yrbC;ccpA;licR
run8_7,8,0.944911067193676,pcp;ydfQ;thiL;yflP;yhaM;spoVE;yoaE;yrbC;ccpA;licR
run8_8,7,0.933794466403162,pcp;ydfQ;thiL;yflP;yhaM;spoVE;yoaE;yrbC;ccpA;licR
run8_9,6,0.933794466403162,pcp;ydfQ;thiL;yflP;yhaM;spoVE;yoaE;yrbC;ccpA;licR
run8_10,5,0.916749011857708,pcp;ydfQ;thiL;yflP;yhaM;spoVE;yoaE;yrbC;ccpA;licR
run9_3,10,0.927865612648221,pcp;ydfQ;thiL;yflP;yhaM;spoVE;yoaE;yrbC;ccpA;licR
run9_4,9,0.917243083003953,pcp;ydfQ;thiL;yflP;yhaM;spoVE;yoaE;yrbC;ccpA;licR
run9_5,8,0.911561264822134,pcp;ydfQ;thiL;yflP;yhaM;spoVE;yoaE;yrbC;ccpA;licR
run9_6,7,0.911067193675889,pcp;ydfQ;thiL;yflP;yhaM;spoVE;yoaE;yrbC;ccpA;licR
run10_0,7,0.912302371541502,pcp;ydfQ;thiL;yflP;yhaM;spoVE;yoaE;yrbC;ccpA;licR
run10_1,6,0.923418972332016,pcp;ydfQ;thiL;yflP;yhaM;spoVE;yoaE;yrbC;ccpA;licR
run11_4,10,0.967144268774704,pcp;ydfQ;thiL;yflP;yhaM;spoVE;yoaE;yrbC;ccpA;licR
run11_5,9,0.966897233201581,pcp;ydfQ;thiL;yflP;yhaM;spoVE;yoaE;yrbC;ccpA;licR
run11_6,8,0.956274703557312,pcp;ydfQ;thiL;yflP;yhaM;spoVE;yoaE;yrbC;ccpA;licR
run11_7,7,0.950839920948617,pcp;ydfQ;thiL;yflP;yhaM;spoVE;yoaE;yrbC;ccpA;licR
run11_8,6,0.934041501976285,pcp;ydfQ;thiL;yflP;yhaM;spoVE;yoaE;yrbC;ccpA;licR
run11_9,5,0.911808300395257,pcp;ydfQ;thiL;yflP;yhaM;spoVE;yoaE;yrbC;ccpA;licR
run12_0,10,0.933794466403162,pcp;ydfQ;thiL;yflP;yhaM;spoVE;yoaE;yrbC;ccpA;licR
run12_1,9,0.938982213438735,pcp;ydfQ;thiL;yflP;yhaM;spoVE;yoaE;yrbC;ccpA;licR
run12_2,8,0.93354743083004,pcp;ydfQ;thiL;yflP;yhaM;spoVE;yoaE;yrbC;ccpA;licR
run12_3,7,0.93354743083004,pcp;ydfQ;thiL;yflP;yhaM;spoVE;yoaE;yrbC;ccpA;licR
run12_4,6,0.911561264822134,pcp;ydfQ;thiL;yflP;yhaM;spoVE;yoaE;yrbC;ccpA;licR
run12_5,5,0.911561264822134,pcp;ydfQ;thiL;yflP;yhaM;spoVE;yoaE;yrbC;ccpA;licR
run13_1,10,0.922924901185771,pcp;ydfQ;thiL;yflP;yhaM;spoVE;yoaE;yrbC;ccpA;licR
run13_2,9,0.923171936758893,pcp;ydfQ;thiL;yflP;yhaM;spoVE;yoaE;yrbC;ccpA;licR
run13_3,8,0.934288537549407,pcp;ydfQ;thiL;yflP;yhaM;spoVE;yoaE;yrbC;ccpA;licR
run13_4,7,0.928853754940711,pcp;ydfQ;thiL;yflP;yhaM;spoVE;yoaE;yrbC;ccpA;licR
run13_5,6,0.917243083003953,pcp;ydfQ;thiL;yflP;yhaM;spoVE;yoaE;yrbC;ccpA;licR
run13_6,5,0.912055335968379,pcp;ydfQ;thiL;yflP;yhaM;spoVE;yoaE;yrbC;ccpA;licR
run14_3,10,0.955780632411067,pcp;ydfQ;thiL;yflP;yhaM;spoVE;yoaE;yrbC;ccpA;licR
run14_4,9,0.955780632411067,pcp;ydfQ;thiL;yflP;yhaM;spoVE;yoaE;yrbC;ccpA;licR
run14_5,8,0.950098814229249,pcp;ydfQ;thiL;yflP;yhaM;spoVE;yoaE;yrbC;ccpA;licR
run14_6,7,0.933794466403162,pcp;ydfQ;thiL;yflP;yhaM;spoVE;yoaE;yrbC;ccpA;licR
run14_7,6,0.911561264822134,pcp;ydfQ;thiL;yflP;yhaM;spoVE;yoaE;yrbC;ccpA;licR
run16_0,10,0.950345849802372,pcp;ydfQ;thiL;yflP;yhaM;spoVE;yoaE;yrbC;ccpA;licR
run16_1,9,0.93947628458498,pcp;ydfQ;thiL;yflP;yhaM;spoVE;yoaE;yrbC;ccpA;licR
run16_2,8,0.950345849802372,pcp;ydfQ;thiL;yflP;yhaM;spoVE;yoaE;yrbC;ccpA;licR
run16_3,7,0.950345849802372,pcp;ydfQ;thiL;yflP;yhaM;spoVE;yoaE;yrbC;ccpA;licR
run16_4,6,0.961462450592885,pcp;ydfQ;thiL;yflP;yhaM;spoVE;yoaE;yrbC;ccpA;licR
run16_5,5,0.928606719367589,pcp;ydfQ;thiL;yflP;yhaM;spoVE;yoaE;yrbC;ccpA;licR
run17_2,10,0.944664031620553,pcp;ydfQ;thiL;yflP;yhaM;spoVE;yoaE;yrbC;ccpA;licR
run17_3,9,0.949604743083004,pcp;ydfQ;thiL;yflP;yhaM;spoVE;yoaE;yrbC;ccpA;licR
run17_4,8,0.949604743083004,pcp;ydfQ;thiL;yflP;yhaM;spoVE;yoaE;yrbC;ccpA;licR
run17_5,7,0.93848814229249,pcp;ydfQ;thiL;yflP;yhaM;spoVE;yoaE;yrbC;ccpA;licR
run17_6,6,0.922430830039526,pcp;ydfQ;thiL;yflP;yhaM;spoVE;yoaE;yrbC;ccpA;licR
run18_3,10,0.922183794466403,pcp;ydfQ;thiL;yflP;yhaM;spoVE;yoaE;yrbC;ccpA;licR
run18_4,9,0.922430830039526,pcp;ydfQ;thiL;yflP;yhaM;spoVE;yoaE;yrbC;ccpA;licR
run18_5,8,0.927865612648221,pcp;ydfQ;thiL;yflP;yhaM;spoVE;yoaE;yrbC;ccpA;licR
run18_6,7,0.91699604743083,pcp;ydfQ;thiL;yflP;yhaM;spoVE;yoaE;yrbC;ccpA;licR
run18_7,6,0.905385375494071,pcp;ydfQ;thiL;yflP;yhaM;spoVE;yoaE;yrbC;ccpA;licR
run19_5,10,0.961215415019763,pcp;ydfQ;thiL;yflP;yhaM;spoVE;yoaE;yrbC;ccpA;licR
run19_6,9,0.961215415019763,pcp;ydfQ;thiL;yflP;yhaM;spoVE;yoaE;yrbC;ccpA;licR
run19_7,8,0.96096837944664,pcp;ydfQ;thiL;yflP;yhaM;spoVE;yoaE;yrbC;ccpA;licR
run19_8,7,0.944169960474308,pcp;ydfQ;thiL;yflP;yhaM;spoVE;yoaE;yrbC;ccpA;licR
run19_9,6,0.93354743083004,pcp;ydfQ;thiL;yflP;yhaM;spoVE;yoaE;yrbC;ccpA;licR
run19_10,5,0.911561264822134,pcp;ydfQ;thiL;yflP;yhaM;spoVE;yoaE;yrbC;ccpA;licR
run20_2,10,0.934041501976285,pcp;ydfQ;thiL;yflP;yhaM;spoVE;yoaE;yrbC;ccpA;licR
run20_3,9,0.928359683794466,pcp;ydfQ;thiL;yflP;yhaM;spoVE;yoaE;yrbC;ccpA;licR
run20_4,8,0.93947628458498,pcp;ydfQ;thiL;yflP;yhaM;spoVE;yoaE;yrbC;ccpA;licR
run20_5,7,0.928112648221344,pcp;ydfQ;thiL;yflP;yhaM;spoVE;yoaE;yrbC;ccpA;licR
run20_6,6,0.916749011857708,pcp;ydfQ;thiL;yflP;yhaM;spoVE;yoaE;yrbC;ccpA;licR
run20_7,5,0.900691699604743,pcp;ydfQ;thiL;yflP;yhaM;spoVE;yoaE;yrbC;ccpA;licR
run21_0,9,0.93947628458498,pcp;ydfQ;thiL;yflP;yhaM;spoVE;yoaE;yrbC;ccpA;licR
run21_1,8,0.950345849802372,pcp;ydfQ;thiL;yflP;yhaM;spoVE;yoaE;yrbC;ccpA;licR
run21_2,7,0.93947628458498,pcp;ydfQ;thiL;yflP;yhaM;spoVE;yoaE;yrbC;ccpA;licR
run21_3,6,0.939229249011858,pcp;ydfQ;thiL;yflP;yhaM;spoVE;yoaE;yrbC;ccpA;licR
run21_4,5,0.928359683794466,pcp;ydfQ;thiL;yflP;yhaM;spoVE;yoaE;yrbC;ccpA;licR
run22_4,10,0.939723320158103,pcp;ydfQ;thiL;yflP;yhaM;spoVE;yoaE;yrbC;ccpA;licR
run22_5,9,0.928359683794466,pcp;ydfQ;thiL;yflP;yhaM;spoVE;yoaE;yrbC;ccpA;licR
run22_6,8,0.917490118577075,pcp;ydfQ;thiL;yflP;yhaM;spoVE;yoaE;yrbC;ccpA;licR
run22_7,7,0.906373517786561,pcp;ydfQ;thiL;yflP;yhaM;spoVE;yoaE;yrbC;ccpA;licR
run22_8,6,0.912302371541502,pcp;ydfQ;thiL;yflP;yhaM;spoVE;yoaE;yrbC;ccpA;licR
run23_4,10,0.933794466403162,pcp;ydfQ;thiL;yflP;yhaM;spoVE;yoaE;yrbC;ccpA;licR
run23_5,9,0.912302371541502,pcp;ydfQ;thiL;yflP;yhaM;spoVE;yoaE;yrbC;ccpA;licR
run23_6,8,0.917737154150198,pcp;ydfQ;thiL;yflP;yhaM;spoVE;yoaE;yrbC;ccpA;licR
run23_8,6,0.900444664031621,pcp;ydfQ;thiL;yflP;yhaM;spoVE;yoaE;yrbC;ccpA;licR
run24_5,10,0.916254940711462,pcp;ydfQ;thiL;yflP;yhaM;spoVE;yoaE;yrbC;ccpA;licR
run24_6,9,0.927865612648221,pcp;ydfQ;thiL;yflP;yhaM;spoVE;yoaE;yrbC;ccpA;licR
run24_7,8,0.905879446640316,pcp;ydfQ;thiL;yflP;yhaM;spoVE;yoaE;yrbC;ccpA;licR
run25_3,10,0.944664031620553,pcp;ydfQ;thiL;yflP;yhaM;spoVE;yoaE;yrbC;ccpA;licR
run25_4,9,0.950098814229249,pcp;ydfQ;thiL;yflP;yhaM;spoVE;yoaE;yrbC;ccpA;licR
run25_5,8,0.955533596837945,pcp;ydfQ;thiL;yflP;yhaM;spoVE;yoaE;yrbC;ccpA;licR
run25_6,7,0.955533596837945,pcp;ydfQ;thiL;yflP;yhaM;spoVE;yoaE;yrbC;ccpA;licR
run25_7,6,0.933300395256917,pcp;ydfQ;thiL;yflP;yhaM;spoVE;yoaE;yrbC;ccpA;licR
run25_8,5,0.906126482213439,pcp;ydfQ;thiL;yflP;yhaM;spoVE;yoaE;yrbC;ccpA;licR
run26_6,10,0.938982213438735,pcp;ydfQ;thiL;yflP;yhaM;spoVE;yoaE;yrbC;ccpA;licR
run26_7,9,0.93947628458498,pcp;ydfQ;thiL;yflP;yhaM;spoVE;yoaE;yrbC;ccpA;licR
run26_8,8,0.939229249011858,pcp;ydfQ;thiL;yflP;yhaM;spoVE;yoaE;yrbC;ccpA;licR
run26_9,7,0.933794466403162,pcp;ydfQ;thiL;yflP;yhaM;spoVE;yoaE;yrbC;ccpA;licR
run26_10,6,0.916749011857708,pcp;ydfQ;thiL;yflP;yhaM;spoVE;yoaE;yrbC;ccpA;licR
run26_11,5,0.905632411067194,pcp;ydfQ;thiL;yflP;yhaM;spoVE;yoaE;yrbC;ccpA;licR
run27_3,10,0.945158102766798,pcp;ydfQ;thiL;yflP;yhaM;spoVE;yoaE;yrbC;ccpA;licR
run27_4,9,0.939229249011858,pcp;ydfQ;thiL;yflP;yhaM;spoVE;yoaE;yrbC;ccpA;licR
run27_5,8,0.956274703557312,pcp;ydfQ;thiL;yflP;yhaM;spoVE;yoaE;yrbC;ccpA;licR
run27_6,7,0.933794466403162,pcp;ydfQ;thiL;yflP;yhaM;spoVE;yoaE;yrbC;ccpA;licR
run27_7,6,0.911808300395257,pcp;ydfQ;thiL;yflP;yhaM;spoVE;yoaE;yrbC;ccpA;licR
run28_1,10,0.95602766798419,pcp;ydfQ;thiL;yflP;yhaM;spoVE;yoaE;yrbC;ccpA;licR
run28_2,9,0.95602766798419,pcp;ydfQ;thiL;yflP;yhaM;spoVE;yoaE;yrbC;ccpA;licR
run28_3,8,0.950592885375494,pcp;ydfQ;thiL;yflP;yhaM;spoVE;yoaE;yrbC;ccpA;licR
run28_4,7,0.955780632411067,pcp;ydfQ;thiL;yflP;yhaM;spoVE;yoaE;yrbC;ccpA;licR
run28_5,6,0.933794466403162,pcp;ydfQ;thiL;yflP;yhaM;spoVE;yoaE;yrbC;ccpA;licR
run28_6,5,0.917490118577075,pcp;ydfQ;thiL;yflP;yhaM;spoVE;yoaE;yrbC;ccpA;licR
run29_1,10,0.938982213438735,pcp;ydfQ;thiL;yflP;yhaM;spoVE;yoaE;yrbC;ccpA;licR
run29_2,9,0.950345849802372,pcp;ydfQ;thiL;yflP;yhaM;spoVE;yoaE;yrbC;ccpA;licR
run29_3,8,0.944664031620553,pcp;ydfQ;thiL;yflP;yhaM;spoVE;yoaE;yrbC;ccpA;licR
run29_4,7,0.93354743083004,pcp;ydfQ;thiL;yflP;yhaM;spoVE;yoaE;yrbC;ccpA;licR
run29_5,6,0.922677865612648,pcp;ydfQ;thiL;yflP;yhaM;spoVE;yoaE;yrbC;ccpA;licR
run29_6,5,0.905879446640316,pcp;ydfQ;thiL;yflP;yhaM;spoVE;yoaE;yrbC;ccpA;licR
run30_4,10,0.922677865612648,pcp;ydfQ;thiL;yflP;yhaM;spoVE;yoaE;yrbC;ccpA;licR
run30_7,7,0.90044466403162,pcp;ydfQ;thiL;yflP;yhaM;spoVE;yoaE;yrbC;ccpA;licR
run31_0,10,0.900444664031621,pcp;ydfQ;thiL;yflP;yhaM;spoVE;yoaE;yrbC;ccpA;licR
run31_1,9,0.911561264822134,pcp;ydfQ;thiL;yflP;yhaM;spoVE;yoaE;yrbC;ccpA;licR
run31_2,8,0.923171936758893,pcp;ydfQ;thiL;yflP;yhaM;spoVE;yoaE;yrbC;ccpA;licR
run31_3,7,0.905879446640316,pcp;ydfQ;thiL;yflP;yhaM;spoVE;yoaE;yrbC;ccpA;licR
run31_4,6,0.905632411067194,pcp;ydfQ;thiL;yflP;yhaM;spoVE;yoaE;yrbC;ccpA;licR
run32_4,10,0.944169960474308,pcp;ydfQ;thiL;yflP;yhaM;spoVE;yoaE;yrbC;ccpA;licR
run32_5,9,0.949851778656126,pcp;ydfQ;thiL;yflP;yhaM;spoVE;yoaE;yrbC;ccpA;licR
run32_6,8,0.938735177865613,pcp;ydfQ;thiL;yflP;yhaM;spoVE;yoaE;yrbC;ccpA;licR
run32_7,7,0.938982213438735,pcp;ydfQ;thiL;yflP;yhaM;spoVE;yoaE;yrbC;ccpA;licR
run32_8,6,0.922183794466403,pcp;ydfQ;thiL;yflP;yhaM;spoVE;yoaE;yrbC;ccpA;licR
run33_2,10,0.93354743083004,pcp;ydfQ;thiL;yflP;yhaM;spoVE;yoaE;yrbC;ccpA;licR
run33_3,9,0.922183794466403,pcp;ydfQ;thiL;yflP;yhaM;spoVE;yoaE;yrbC;ccpA;licR
run33_4,8,0.911561264822134,pcp;ydfQ;thiL;yflP;yhaM;spoVE;yoaE;yrbC;ccpA;licR
run33_5,7,0.917243083003953,pcp;ydfQ;thiL;yflP;yhaM;spoVE;yoaE;yrbC;ccpA;licR
run34_0,10,0.939229249011858,pcp;ydfQ;thiL;yflP;yhaM;spoVE;yoaE;yrbC;ccpA;licR
run34_1,9,0.933794466403162,pcp;ydfQ;thiL;yflP;yhaM;spoVE;yoaE;yrbC;ccpA;licR
run34_2,8,0.944911067193676,pcp;ydfQ;thiL;yflP;yhaM;spoVE;yoaE;yrbC;ccpA;licR
run34_3,7,0.927865612648221,pcp;ydfQ;thiL;yflP;yhaM;spoVE;yoaE;yrbC;ccpA;licR
run34_4,6,0.905632411067194,pcp;ydfQ;thiL;yflP;yhaM;spoVE;yoaE;yrbC;ccpA;licR
run35_3,10,0.949604743083004,pcp;ydfQ;thiL;yflP;yhaM;spoVE;yoaE;yrbC;ccpA;licR
run35_4,9,0.943922924901186,pcp;ydfQ;thiL;yflP;yhaM;spoVE;yoaE;yrbC;ccpA;licR
run35_5,8,0.960721343873518,pcp;ydfQ;thiL;yflP;yhaM;spoVE;yoaE;yrbC;ccpA;licR
run35_6,7,0.949851778656126,pcp;ydfQ;thiL;yflP;yhaM;spoVE;yoaE;yrbC;ccpA;licR
run35_7,6,0.939229249011858,pcp;ydfQ;thiL;yflP;yhaM;spoVE;yoaE;yrbC;ccpA;licR
run35_8,5,0.905385375494071,pcp;ydfQ;thiL;yflP;yhaM;spoVE;yoaE;yrbC;ccpA;licR
run36_5,10,0.938982213438735,pcp;ydfQ;thiL;yflP;yhaM;spoVE;yoaE;yrbC;ccpA;licR
run36_6,9,0.933300395256917,pcp;ydfQ;thiL;yflP;yhaM;spoVE;yoaE;yrbC;ccpA;licR
run36_7,8,0.922183794466403,pcp;ydfQ;thiL;yflP;yhaM;spoVE;yoaE;yrbC;ccpA;licR
run36_8,7,0.91699604743083,pcp;ydfQ;thiL;yflP;yhaM;spoVE;yoaE;yrbC;ccpA;licR
run36_9,6,0.911808300395257,pcp;ydfQ;thiL;yflP;yhaM;spoVE;yoaE;yrbC;ccpA;licR
run37_1,10,0.928359683794466,pcp;ydfQ;thiL;yflP;yhaM;spoVE;yoaE;yrbC;ccpA;licR
run37_2,9,0.928606719367589,pcp;ydfQ;thiL;yflP;yhaM;spoVE;yoaE;yrbC;ccpA;licR
run37_3,8,0.934041501976285,pcp;ydfQ;thiL;yflP;yhaM;spoVE;yoaE;yrbC;ccpA;licR
run37_4,7,0.923171936758893,pcp;ydfQ;thiL;yflP;yhaM;spoVE;yoaE;yrbC;ccpA;licR
run37_5,6,0.922924901185771,pcp;ydfQ;thiL;yflP;yhaM;spoVE;yoaE;yrbC;ccpA;licR
run37_6,5,0.912055335968379,pcp;ydfQ;thiL;yflP;yhaM;spoVE;yoaE;yrbC;ccpA;licR
run38_0,10,0.922430830039526,pcp;ydfQ;thiL;yflP;yhaM;spoVE;yoaE;yrbC;ccpA;licR
run38_1,9,0.939229249011858,pcp;ydfQ;thiL;yflP;yhaM;spoVE;yoaE;yrbC;ccpA;licR
run38_2,8,0.950345849802372,pcp;ydfQ;thiL;yflP;yhaM;spoVE;yoaE;yrbC;ccpA;licR
run38_3,7,0.950345849802372,pcp;ydfQ;thiL;yflP;yhaM;spoVE;yoaE;yrbC;ccpA;licR
run38_4,6,0.933794466403162,pcp;ydfQ;thiL;yflP;yhaM;spoVE;yoaE;yrbC;ccpA;licR
run38_5,5,0.900938735177866,pcp;ydfQ;thiL;yflP;yhaM;spoVE;yoaE;yrbC;ccpA;licR
run39_1,10,0.944416996047431,pcp;ydfQ;thiL;yflP;yhaM;spoVE;yoaE;yrbC;ccpA;licR
run39_2,9,0.944416996047431,pcp;ydfQ;thiL;yflP;yhaM;spoVE;yoaE;yrbC;ccpA;licR
run39_3,8,0.939229249011858,pcp;ydfQ;thiL;yflP;yhaM;spoVE;yoaE;yrbC;ccpA;licR
run39_4,7,0.944664031620553,pcp;ydfQ;thiL;yflP;yhaM;spoVE;yoaE;yrbC;ccpA;licR
run39_5,6,0.928112648221344,pcp;ydfQ;thiL;yflP;yhaM;spoVE;yoaE;yrbC;ccpA;licR
run39_6,5,0.916749011857708,pcp;ydfQ;thiL;yflP;yhaM;spoVE;yoaE;yrbC;ccpA;licR
run40_1,10,0.911808300395257,pcp;ydfQ;thiL;yflP;yhaM;spoVE;yoaE;yrbC;ccpA;licR
run40_2,9,0.906373517786561,pcp;ydfQ;thiL;yflP;yhaM;spoVE;yoaE;yrbC;ccpA;licR
run40_3,8,0.934041501976285,pcp;ydfQ;thiL;yflP;yhaM;spoVE;yoaE;yrbC;ccpA;licR
run40_4,7,0.923666007905138,pcp;ydfQ;thiL;yflP;yhaM;spoVE;yoaE;yrbC;ccpA;licR
run40_5,6,0.934041501976285,pcp;ydfQ;thiL;yflP;yhaM;spoVE;yoaE;yrbC;ccpA;licR
run40_6,5,0.922924901185771,pcp;ydfQ;thiL;yflP;yhaM;spoVE;yoaE;yrbC;ccpA;licR
run41_3,10,0.950592885375494,pcp;ydfQ;thiL;yflP;yhaM;spoVE;yoaE;yrbC;ccpA;licR
run41_4,9,0.934041501976285,pcp;ydfQ;thiL;yflP;yhaM;spoVE;yoaE;yrbC;ccpA;licR
run41_5,8,0.945158102766798,pcp;ydfQ;thiL;yflP;yhaM;spoVE;yoaE;yrbC;ccpA;licR
run41_6,7,0.93947628458498,pcp;ydfQ;thiL;yflP;yhaM;spoVE;yoaE;yrbC;ccpA;licR
run41_7,6,0.934041501976285,pcp;ydfQ;thiL;yflP;yhaM;spoVE;yoaE;yrbC;ccpA;licR
run41_8,5,0.917490118577075,pcp;ydfQ;thiL;yflP;yhaM;spoVE;yoaE;yrbC;ccpA;licR
run42_5,10,0.938735177865613,pcp;ydfQ;thiL;yflP;yhaM;spoVE;yoaE;yrbC;ccpA;licR
run42_6,9,0.943922924901186,pcp;ydfQ;thiL;yflP;yhaM;spoVE;yoaE;yrbC;ccpA;licR
run42_7,8,0.944416996047431,pcp;ydfQ;thiL;yflP;yhaM;spoVE;yoaE;yrbC;ccpA;licR
run42_8,7,0.921936758893281,pcp;ydfQ;thiL;yflP;yhaM;spoVE;yoaE;yrbC;ccpA;licR
run43_0,10,0.927371541501976,pcp;ydfQ;thiL;yflP;yhaM;spoVE;yoaE;yrbC;ccpA;licR
run43_1,9,0.933053359683794,pcp;ydfQ;thiL;yflP;yhaM;spoVE;yoaE;yrbC;ccpA;licR
run43_2,8,0.932806324110672,pcp;ydfQ;thiL;yflP;yhaM;spoVE;yoaE;yrbC;ccpA;licR
run43_3,7,0.927371541501976,pcp;ydfQ;thiL;yflP;yhaM;spoVE;yoaE;yrbC;ccpA;licR
run43_4,6,0.905879446640316,pcp;ydfQ;thiL;yflP;yhaM;spoVE;yoaE;yrbC;ccpA;licR
run44_0,9,0.933794466403162,pcp;ydfQ;thiL;yflP;yhaM;spoVE;yoaE;yrbC;ccpA;licR
run44_1,8,0.944911067193676,pcp;ydfQ;thiL;yflP;yhaM;spoVE;yoaE;yrbC;ccpA;licR
run44_2,7,0.934041501976285,pcp;ydfQ;thiL;yflP;yhaM;spoVE;yoaE;yrbC;ccpA;licR
run44_3,6,0.911808300395257,pcp;ydfQ;thiL;yflP;yhaM;spoVE;yoaE;yrbC;ccpA;licR
run44_4,5,0.900938735177866,pcp;ydfQ;thiL;yflP;yhaM;spoVE;yoaE;yrbC;ccpA;licR
run45_3,10,0.93354743083004,pcp;ydfQ;thiL;yflP;yhaM;spoVE;yoaE;yrbC;ccpA;licR
run45_4,9,0.93354743083004,pcp;ydfQ;thiL;yflP;yhaM;spoVE;yoaE;yrbC;ccpA;licR
run45_5,8,0.934041501976285,pcp;ydfQ;thiL;yflP;yhaM;spoVE;yoaE;yrbC;ccpA;licR
run45_6,7,0.928359683794466,pcp;ydfQ;thiL;yflP;yhaM;spoVE;yoaE;yrbC;ccpA;licR
run45_7,6,0.906373517786561,pcp;ydfQ;thiL;yflP;yhaM;spoVE;yoaE;yrbC;ccpA;licR
run46_1,10,0.939229249011858,pcp;ydfQ;thiL;yflP;yhaM;spoVE;yoaE;yrbC;ccpA;licR
run46_2,9,0.950345849802372,pcp;ydfQ;thiL;yflP;yhaM;spoVE;yoaE;yrbC;ccpA;licR
run46_3,8,0.950592885375494,pcp;ydfQ;thiL;yflP;yhaM;spoVE;yoaE;yrbC;ccpA;licR
run46_4,7,0.950345849802372,pcp;ydfQ;thiL;yflP;yhaM;spoVE;yoaE;yrbC;ccpA;licR
run46_5,6,0.93354743083004,pcp;ydfQ;thiL;yflP;yhaM;spoVE;yoaE;yrbC;ccpA;licR
run46_6,5,0.922430830039526,pcp;ydfQ;thiL;yflP;yhaM;spoVE;yoaE;yrbC;ccpA;licR
run47_2,10,0.939723320158103,pcp;ydfQ;thiL;yflP;yhaM;spoVE;yoaE;yrbC;ccpA;licR
run47_3,9,0.93947628458498,pcp;ydfQ;thiL;yflP;yhaM;spoVE;yoaE;yrbC;ccpA;licR
run47_4,8,0.950592885375494,pcp;ydfQ;thiL;yflP;yhaM;spoVE;yoaE;yrbC;ccpA;licR
run47_5,7,0.945158102766798,pcp;ydfQ;thiL;yflP;yhaM;spoVE;yoaE;yrbC;ccpA;licR
run47_6,6,0.944664031620553,pcp;ydfQ;thiL;yflP;yhaM;spoVE;yoaE;yrbC;ccpA;licR
run47_7,5,0.911067193675889,pcp;ydfQ;thiL;yflP;yhaM;spoVE;yoaE;yrbC;ccpA;licR
run48_3,10,0.950345849802372,pcp;ydfQ;thiL;yflP;yhaM;spoVE;yoaE;yrbC;ccpA;licR
run48_4,9,0.950345849802372,pcp;ydfQ;thiL;yflP;yhaM;spoVE;yoaE;yrbC;ccpA;licR
run48_5,8,0.955780632411067,pcp;ydfQ;thiL;yflP;yhaM;spoVE;yoaE;yrbC;ccpA;licR
run48_6,7,0.944911067193676,pcp;ydfQ;thiL;yflP;yhaM;spoVE;yoaE;yrbC;ccpA;licR
run48_7,6,0.922924901185771,pcp;ydfQ;thiL;yflP;yhaM;spoVE;yoaE;yrbC;ccpA;licR
run49_4,10,0.928112648221344,pcp;ydfQ;thiL;yflP;yhaM;spoVE;yoaE;yrbC;ccpA;licR
run49_5,9,0.91699604743083,pcp;ydfQ;thiL;yflP;yhaM;spoVE;yoaE;yrbC;ccpA;licR
run49_6,8,0.928359683794466,pcp;ydfQ;thiL;yflP;yhaM;spoVE;yoaE;yrbC;ccpA;licR
run49_7,7,0.916501976284585,pcp;ydfQ;thiL;yflP;yhaM;spoVE;yoaE;yrbC;ccpA;licR
run50_0,10,0.905138339920949,pcp;ydfQ;thiL;yflP;yhaM;spoVE;yoaE;yrbC;ccpA;licR
run50_1,9,0.916501976284585,pcp;ydfQ;thiL;yflP;yhaM;spoVE;yoaE;yrbC;ccpA;licR
run50_2,8,0.927865612648221,pcp;ydfQ;thiL;yflP;yhaM;spoVE;yoaE;yrbC;ccpA;licR
run50_3,7,0.910820158102767,pcp;ydfQ;thiL;yflP;yhaM;spoVE;yoaE;yrbC;ccpA;licR
run50_5,5,0.905879446640316,pcp;ydfQ;thiL;yflP;yhaM;spoVE;yoaE;yrbC;ccpA;licR
run51_6,10,0.950098814229249,pcp;ydfQ;thiL;yflP;yhaM;spoVE;yoaE;yrbC;ccpA;licR
run51_7,9,0.955780632411067,pcp;ydfQ;thiL;yflP;yhaM;spoVE;yoaE;yrbC;ccpA;licR
run51_8,8,0.950098814229249,pcp;ydfQ;thiL;yflP;yhaM;spoVE;yoaE;yrbC;ccpA;licR
run51_9,7,0.950098814229249,pcp;ydfQ;thiL;yflP;yhaM;spoVE;yoaE;yrbC;ccpA;licR
run51_10,6,0.950098814229249,pcp;ydfQ;thiL;yflP;yhaM;spoVE;yoaE;yrbC;ccpA;licR
run51_11,5,0.922677865612648,pcp;ydfQ;thiL;yflP;yhaM;spoVE;yoaE;yrbC;ccpA;licR
run52_2,10,0.911314229249012,pcp;ydfQ;thiL;yflP;yhaM;spoVE;yoaE;yrbC;ccpA;licR
run52_3,9,0.906126482213439,pcp;ydfQ;thiL;yflP;yhaM;spoVE;yoaE;yrbC;ccpA;licR
run52_4,8,0.911808300395257,pcp;ydfQ;thiL;yflP;yhaM;spoVE;yoaE;yrbC;ccpA;licR
run53_3,10,0.91699604743083,pcp;ydfQ;thiL;yflP;yhaM;spoVE;yoaE;yrbC;ccpA;licR
run53_4,9,0.933794466403162,pcp;ydfQ;thiL;yflP;yhaM;spoVE;yoaE;yrbC;ccpA;licR
run53_5,8,0.934041501976285,pcp;ydfQ;thiL;yflP;yhaM;spoVE;yoaE;yrbC;ccpA;licR
run53_6,7,0.923171936758893,pcp;ydfQ;thiL;yflP;yhaM;spoVE;yoaE;yrbC;ccpA;licR
run53_7,6,0.91699604743083,pcp;ydfQ;thiL;yflP;yhaM;spoVE;yoaE;yrbC;ccpA;licR
run53_8,5,0.911561264822134,pcp;ydfQ;thiL;yflP;yhaM;spoVE;yoaE;yrbC;ccpA;licR
run54_2,10,0.934041501976285,pcp;ydfQ;thiL;yflP;yhaM;spoVE;yoaE;yrbC;ccpA;licR
run54_3,9,0.934041501976285,pcp;ydfQ;thiL;yflP;yhaM;spoVE;yoaE;yrbC;ccpA;licR
run54_4,8,0.938735177865613,pcp;ydfQ;thiL;yflP;yhaM;spoVE;yoaE;yrbC;ccpA;licR
run54_5,7,0.93947628458498,pcp;ydfQ;thiL;yflP;yhaM;spoVE;yoaE;yrbC;ccpA;licR
run54_6,6,0.911561264822134,pcp;ydfQ;thiL;yflP;yhaM;spoVE;yoaE;yrbC;ccpA;licR
run55_4,10,0.944169960474308,pcp;ydfQ;thiL;yflP;yhaM;spoVE;yoaE;yrbC;ccpA;licR
run55_5,9,0.938982213438735,pcp;ydfQ;thiL;yflP;yhaM;spoVE;yoaE;yrbC;ccpA;licR
run55_6,8,0.944664031620553,pcp;ydfQ;thiL;yflP;yhaM;spoVE;yoaE;yrbC;ccpA;licR
run55_7,7,0.921936758893281,pcp;ydfQ;thiL;yflP;yhaM;spoVE;yoaE;yrbC;ccpA;licR
run55_8,6,0.921936758893281,pcp;ydfQ;thiL;yflP;yhaM;spoVE;yoaE;yrbC;ccpA;licR
run56_2,10,0.933300395256917,pcp;ydfQ;thiL;yflP;yhaM;spoVE;yoaE;yrbC;ccpA;licR
run56_3,9,0.933300395256917,pcp;ydfQ;thiL;yflP;yhaM;spoVE;yoaE;yrbC;ccpA;licR
run56_4,8,0.950345849802372,pcp;ydfQ;thiL;yflP;yhaM;spoVE;yoaE;yrbC;ccpA;licR
run56_5,7,0.938982213438735,pcp;ydfQ;thiL;yflP;yhaM;spoVE;yoaE;yrbC;ccpA;licR
run56_6,6,0.927865612648221,pcp;ydfQ;thiL;yflP;yhaM;spoVE;yoaE;yrbC;ccpA;licR
run57_1,10,0.950345849802372,pcp;ydfQ;thiL;yflP;yhaM;spoVE;yoaE;yrbC;ccpA;licR
run57_2,9,0.944664031620553,pcp;ydfQ;thiL;yflP;yhaM;spoVE;yoaE;yrbC;ccpA;licR
run57_3,8,0.950098814229249,pcp;ydfQ;thiL;yflP;yhaM;spoVE;yoaE;yrbC;ccpA;licR
run57_4,7,0.950345849802372,pcp;ydfQ;thiL;yflP;yhaM;spoVE;yoaE;yrbC;ccpA;licR
run57_5,6,0.934041501976285,pcp;ydfQ;thiL;yflP;yhaM;spoVE;yoaE;yrbC;ccpA;licR
run57_6,5,0.922677865612648,pcp;ydfQ;thiL;yflP;yhaM;spoVE;yoaE;yrbC;ccpA;licR
run58_2,10,0.928359683794466,pcp;ydfQ;thiL;yflP;yhaM;spoVE;yoaE;yrbC;ccpA;licR
run58_3,9,0.934041501976285,pcp;ydfQ;thiL;yflP;yhaM;spoVE;yoaE;yrbC;ccpA;licR
run58_4,8,0.93947628458498,pcp;ydfQ;thiL;yflP;yhaM;spoVE;yoaE;yrbC;ccpA;licR
run58_6,6,0.900444664031621,pcp;ydfQ;thiL;yflP;yhaM;spoVE;yoaE;yrbC;ccpA;licR
run59_4,10,0.961462450592885,pcp;ydfQ;thiL;yflP;yhaM;spoVE;yoaE;yrbC;ccpA;licR
run59_5,9,0.950592885375494,pcp;ydfQ;thiL;yflP;yhaM;spoVE;yoaE;yrbC;ccpA;licR
run59_6,8,0.950345849802372,pcp;ydfQ;thiL;yflP;yhaM;spoVE;yoaE;yrbC;ccpA;licR
run59_7,7,0.944911067193676,pcp;ydfQ;thiL;yflP;yhaM;spoVE;yoaE;yrbC;ccpA;licR
run59_8,6,0.922183794466403,pcp;ydfQ;thiL;yflP;yhaM;spoVE;yoaE;yrbC;ccpA;licR
run59_9,5,0.91699604743083,pcp;ydfQ;thiL;yflP;yhaM;spoVE;yoaE;yrbC;ccpA;licR
run60_2,10,0.961462450592885,pcp;ydfQ;thiL;yflP;yhaM;spoVE;yoaE;yrbC;ccpA;licR
run60_3,9,0.961462450592885,pcp;ydfQ;thiL;yflP;yhaM;spoVE;yoaE;yrbC;ccpA;licR
run60_4,8,0.938982213438735,pcp;ydfQ;thiL;yflP;yhaM;spoVE;yoaE;yrbC;ccpA;licR
run60_5,7,0.950345849802372,pcp;ydfQ;thiL;yflP;yhaM;spoVE;yoaE;yrbC;ccpA;licR
run60_6,6,0.93354743083004,pcp;ydfQ;thiL;yflP;yhaM;spoVE;yoaE;yrbC;ccpA;licR
run60_7,5,0.916749011857708,pcp;ydfQ;thiL;yflP;yhaM;spoVE;yoaE;yrbC;ccpA;licR
run61_5,10,0.961215415019763,pcp;ydfQ;thiL;yflP;yhaM;spoVE;yoaE;yrbC;ccpA;licR
run61_6,9,0.944416996047431,pcp;ydfQ;thiL;yflP;yhaM;spoVE;yoaE;yrbC;ccpA;licR
run61_7,8,0.938735177865613,pcp;ydfQ;thiL;yflP;yhaM;spoVE;yoaE;yrbC;ccpA;licR
run61_8,7,0.944664031620553,pcp;ydfQ;thiL;yflP;yhaM;spoVE;yoaE;yrbC;ccpA;licR
run61_9,6,0.91699604743083,pcp;ydfQ;thiL;yflP;yhaM;spoVE;yoaE;yrbC;ccpA;licR
run61_10,5,0.900444664031621,pcp;ydfQ;thiL;yflP;yhaM;spoVE;yoaE;yrbC;ccpA;licR
run62_2,10,0.922430830039526,pcp;ydfQ;thiL;yflP;yhaM;spoVE;yoaE;yrbC;ccpA;licR
run62_3,9,0.927865612648221,pcp;ydfQ;thiL;yflP;yhaM;spoVE;yoaE;yrbC;ccpA;licR
run62_4,8,0.927865612648221,pcp;ydfQ;thiL;yflP;yhaM;spoVE;yoaE;yrbC;ccpA;licR
run62_5,7,0.922430830039526,pcp;ydfQ;thiL;yflP;yhaM;spoVE;yoaE;yrbC;ccpA;licR
run62_6,6,0.916749011857708,pcp;ydfQ;thiL;yflP;yhaM;spoVE;yoaE;yrbC;ccpA;licR
run63_1,10,0.901185770750988,pcp;ydfQ;thiL;yflP;yhaM;spoVE;yoaE;yrbC;ccpA;licR
run63_2,9,0.912055335968379,pcp;ydfQ;thiL;yflP;yhaM;spoVE;yoaE;yrbC;ccpA;licR
run63_3,8,0.900938735177866,pcp;ydfQ;thiL;yflP;yhaM;spoVE;yoaE;yrbC;ccpA;licR
run63_4,7,0.900691699604743,pcp;ydfQ;thiL;yflP;yhaM;spoVE;yoaE;yrbC;ccpA;licR
run64_4,10,0.922924901185771,pcp;ydfQ;thiL;yflP;yhaM;spoVE;yoaE;yrbC;ccpA;licR
run64_5,9,0.927865612648221,pcp;ydfQ;thiL;yflP;yhaM;spoVE;yoaE;yrbC;ccpA;licR
run64_6,8,0.93354743083004,pcp;ydfQ;thiL;yflP;yhaM;spoVE;yoaE;yrbC;ccpA;licR
run64_7,7,0.922183794466403,pcp;ydfQ;thiL;yflP;yhaM;spoVE;yoaE;yrbC;ccpA;licR
run64_8,6,0.916501976284585,pcp;ydfQ;thiL;yflP;yhaM;spoVE;yoaE;yrbC;ccpA;licR
run65_1,10,0.950098814229249,pcp;ydfQ;thiL;yflP;yhaM;spoVE;yoaE;yrbC;ccpA;licR
run65_2,9,0.928112648221344,pcp;ydfQ;thiL;yflP;yhaM;spoVE;yoaE;yrbC;ccpA;licR
run65_3,8,0.922430830039526,pcp;ydfQ;thiL;yflP;yhaM;spoVE;yoaE;yrbC;ccpA;licR
run65_4,7,0.922430830039526,pcp;ydfQ;thiL;yflP;yhaM;spoVE;yoaE;yrbC;ccpA;licR
run65_5,6,0.928359683794466,pcp;ydfQ;thiL;yflP;yhaM;spoVE;yoaE;yrbC;ccpA;licR
run66_1,10,0.922924901185771,pcp;ydfQ;thiL;yflP;yhaM;spoVE;yoaE;yrbC;ccpA;licR
run66_2,9,0.911808300395257,pcp;ydfQ;thiL;yflP;yhaM;spoVE;yoaE;yrbC;ccpA;licR
run66_3,8,0.905879446640316,pcp;ydfQ;thiL;yflP;yhaM;spoVE;yoaE;yrbC;ccpA;licR
run66_4,7,0.934041501976285,pcp;ydfQ;thiL;yflP;yhaM;spoVE;yoaE;yrbC;ccpA;licR
run66_5,6,0.905632411067194,pcp;ydfQ;thiL;yflP;yhaM;spoVE;yoaE;yrbC;ccpA;licR
run66_6,5,0.905879446640316,pcp;ydfQ;thiL;yflP;yhaM;spoVE;yoaE;yrbC;ccpA;licR
run67_4,10,0.943922924901186,pcp;ydfQ;thiL;yflP;yhaM;spoVE;yoaE;yrbC;ccpA;licR
run67_5,9,0.921936758893281,pcp;ydfQ;thiL;yflP;yhaM;spoVE;yoaE;yrbC;ccpA;licR
run67_6,8,0.916501976284585,pcp;ydfQ;thiL;yflP;yhaM;spoVE;yoaE;yrbC;ccpA;licR
run67_7,7,0.905385375494071,pcp;ydfQ;thiL;yflP;yhaM;spoVE;yoaE;yrbC;ccpA;licR
run68_6,10,0.922183794466403,pcp;ydfQ;thiL;yflP;yhaM;spoVE;yoaE;yrbC;ccpA;licR
run68_7,9,0.944169960474308,pcp;ydfQ;thiL;yflP;yhaM;spoVE;yoaE;yrbC;ccpA;licR
run68_8,8,0.93848814229249,pcp;ydfQ;thiL;yflP;yhaM;spoVE;yoaE;yrbC;ccpA;licR
run68_9,7,0.921689723320158,pcp;ydfQ;thiL;yflP;yhaM;spoVE;yoaE;yrbC;ccpA;licR
run69_4,10,0.944664031620553,pcp;ydfQ;thiL;yflP;yhaM;spoVE;yoaE;yrbC;ccpA;licR
run69_5,9,0.927618577075099,pcp;ydfQ;thiL;yflP;yhaM;spoVE;yoaE;yrbC;ccpA;licR
run69_6,8,0.927618577075099,pcp;ydfQ;thiL;yflP;yhaM;spoVE;yoaE;yrbC;ccpA;licR
run69_7,7,0.922183794466403,pcp;ydfQ;thiL;yflP;yhaM;spoVE;yoaE;yrbC;ccpA;licR
run69_8,6,0.911314229249012,pcp;ydfQ;thiL;yflP;yhaM;spoVE;yoaE;yrbC;ccpA;licR
run69_9,5,0.905879446640316,pcp;ydfQ;thiL;yflP;yhaM;spoVE;yoaE;yrbC;ccpA;licR
run70_5,10,0.967144268774704,pcp;ydfQ;thiL;yflP;yhaM;spoVE;yoaE;yrbC;ccpA;licR
run70_6,9,0.961462450592885,pcp;ydfQ;thiL;yflP;yhaM;spoVE;yoaE;yrbC;ccpA;licR
run70_7,8,0.955533596837945,pcp;ydfQ;thiL;yflP;yhaM;spoVE;yoaE;yrbC;ccpA;licR
run70_8,7,0.93354743083004,pcp;ydfQ;thiL;yflP;yhaM;spoVE;yoaE;yrbC;ccpA;licR
run70_9,6,0.922924901185771,pcp;ydfQ;thiL;yflP;yhaM;spoVE;yoaE;yrbC;ccpA;licR
run71_6,10,0.927865612648221,pcp;ydfQ;thiL;yflP;yhaM;spoVE;yoaE;yrbC;ccpA;licR
run71_7,9,0.944169960474308,pcp;ydfQ;thiL;yflP;yhaM;spoVE;yoaE;yrbC;ccpA;licR
run71_8,8,0.927618577075099,pcp;ydfQ;thiL;yflP;yhaM;spoVE;yoaE;yrbC;ccpA;licR
run71_9,7,0.904891304347826,pcp;ydfQ;thiL;yflP;yhaM;spoVE;yoaE;yrbC;ccpA;licR
run72_5,10,0.928359683794466,pcp;ydfQ;thiL;yflP;yhaM;spoVE;yoaE;yrbC;ccpA;licR
run72_6,9,0.928359683794466,pcp;ydfQ;thiL;yflP;yhaM;spoVE;yoaE;yrbC;ccpA;licR
run72_7,8,0.933794466403162,pcp;ydfQ;thiL;yflP;yhaM;spoVE;yoaE;yrbC;ccpA;licR
run72_8,7,0.912055335968379,pcp;ydfQ;thiL;yflP;yhaM;spoVE;yoaE;yrbC;ccpA;licR
run73_4,10,0.961462450592885,pcp;ydfQ;thiL;yflP;yhaM;spoVE;yoaE;yrbC;ccpA;licR
run73_5,9,0.950345849802372,pcp;ydfQ;thiL;yflP;yhaM;spoVE;yoaE;yrbC;ccpA;licR
run73_6,8,0.944416996047431,pcp;ydfQ;thiL;yflP;yhaM;spoVE;yoaE;yrbC;ccpA;licR
run73_7,7,0.939229249011858,pcp;ydfQ;thiL;yflP;yhaM;spoVE;yoaE;yrbC;ccpA;licR
run73_8,6,0.922677865612648,pcp;ydfQ;thiL;yflP;yhaM;spoVE;yoaE;yrbC;ccpA;licR
run74_2,10,0.927865612648221,pcp;ydfQ;thiL;yflP;yhaM;spoVE;yoaE;yrbC;ccpA;licR
run74_3,9,0.933794466403162,pcp;ydfQ;thiL;yflP;yhaM;spoVE;yoaE;yrbC;ccpA;licR
run74_4,8,0.93354743083004,pcp;ydfQ;thiL;yflP;yhaM;spoVE;yoaE;yrbC;ccpA;licR
run74_5,7,0.922430830039526,pcp;ydfQ;thiL;yflP;yhaM;spoVE;yoaE;yrbC;ccpA;licR
run74_6,6,0.928112648221344,pcp;ydfQ;thiL;yflP;yhaM;spoVE;yoaE;yrbC;ccpA;licR
run74_7,5,0.905632411067194,pcp;ydfQ;thiL;yflP;yhaM;spoVE;yoaE;yrbC;ccpA;licR
run75_5,10,0.939229249011858,pcp;ydfQ;thiL;yflP;yhaM;spoVE;yoaE;yrbC;ccpA;licR
run75_6,9,0.93354743083004,pcp;ydfQ;thiL;yflP;yhaM;spoVE;yoaE;yrbC;ccpA;licR
run75_7,8,0.944664031620553,pcp;ydfQ;thiL;yflP;yhaM;spoVE;yoaE;yrbC;ccpA;licR
run75_8,7,0.93354743083004,pcp;ydfQ;thiL;yflP;yhaM;spoVE;yoaE;yrbC;ccpA;licR
run75_9,6,0.933053359683794,pcp;ydfQ;thiL;yflP;yhaM;spoVE;yoaE;yrbC;ccpA;licR
run75_10,5,0.905138339920949,pcp;ydfQ;thiL;yflP;yhaM;spoVE;yoaE;yrbC;ccpA;licR
run76_4,10,0.917243083003953,pcp;ydfQ;thiL;yflP;yhaM;spoVE;yoaE;yrbC;ccpA;licR
run76_5,9,0.911561264822134,pcp;ydfQ;thiL;yflP;yhaM;spoVE;yoaE;yrbC;ccpA;licR
run76_6,8,0.922183794466403,pcp;ydfQ;thiL;yflP;yhaM;spoVE;yoaE;yrbC;ccpA;licR
run76_7,7,0.927371541501976,pcp;ydfQ;thiL;yflP;yhaM;spoVE;yoaE;yrbC;ccpA;licR
run76_8,6,0.910573122529644,pcp;ydfQ;thiL;yflP;yhaM;spoVE;yoaE;yrbC;ccpA;licR
run77_4,10,0.949851778656126,pcp;ydfQ;thiL;yflP;yhaM;spoVE;yoaE;yrbC;ccpA;licR
run77_5,9,0.938982213438735,pcp;ydfQ;thiL;yflP;yhaM;spoVE;yoaE;yrbC;ccpA;licR
run77_6,8,0.922677865612648,pcp;ydfQ;thiL;yflP;yhaM;spoVE;yoaE;yrbC;ccpA;licR
run77_7,7,0.927865612648221,pcp;ydfQ;thiL;yflP;yhaM;spoVE;yoaE;yrbC;ccpA;licR
run77_8,6,0.911314229249012,pcp;ydfQ;thiL;yflP;yhaM;spoVE;yoaE;yrbC;ccpA;licR
run77_9,5,0.900197628458498,pcp;ydfQ;thiL;yflP;yhaM;spoVE;yoaE;yrbC;ccpA;licR
run78_0,10,0.93354743083004,pcp;ydfQ;thiL;yflP;yhaM;spoVE;yoaE;yrbC;ccpA;licR
run78_1,9,0.939229249011858,pcp;ydfQ;thiL;yflP;yhaM;spoVE;yoaE;yrbC;ccpA;licR
run78_2,8,0.950098814229249,pcp;ydfQ;thiL;yflP;yhaM;spoVE;yoaE;yrbC;ccpA;licR
run78_3,7,0.93947628458498,pcp;ydfQ;thiL;yflP;yhaM;spoVE;yoaE;yrbC;ccpA;licR
run78_4,6,0.922677865612648,pcp;ydfQ;thiL;yflP;yhaM;spoVE;yoaE;yrbC;ccpA;licR
run78_5,5,0.900197628458498,pcp;ydfQ;thiL;yflP;yhaM;spoVE;yoaE;yrbC;ccpA;licR
run79_0,10,0.923171936758893,pcp;ydfQ;thiL;yflP;yhaM;spoVE;yoaE;yrbC;ccpA;licR
run79_2,8,0.933794466403162,pcp;ydfQ;thiL;yflP;yhaM;spoVE;yoaE;yrbC;ccpA;licR
run79_3,7,0.934288537549407,pcp;ydfQ;thiL;yflP;yhaM;spoVE;yoaE;yrbC;ccpA;licR
run79_4,6,0.900691699604743,pcp;ydfQ;thiL;yflP;yhaM;spoVE;yoaE;yrbC;ccpA;licR
run80_6,10,0.921442687747036,pcp;ydfQ;thiL;yflP;yhaM;spoVE;yoaE;yrbC;ccpA;licR
run80_7,9,0.921936758893281,pcp;ydfQ;thiL;yflP;yhaM;spoVE;yoaE;yrbC;ccpA;licR
run80_8,8,0.916501976284585,pcp;ydfQ;thiL;yflP;yhaM;spoVE;yoaE;yrbC;ccpA;licR
run80_9,7,0.910820158102767,pcp;ydfQ;thiL;yflP;yhaM;spoVE;yoaE;yrbC;ccpA;licR
run81_4,10,0.966897233201581,pcp;ydfQ;thiL;yflP;yhaM;spoVE;yoaE;yrbC;ccpA;licR
run81_5,9,0.950592885375494,pcp;ydfQ;thiL;yflP;yhaM;spoVE;yoaE;yrbC;ccpA;licR
run81_6,8,0.950592885375494,pcp;ydfQ;thiL;yflP;yhaM;spoVE;yoaE;yrbC;ccpA;licR
run81_7,7,0.927865612648221,pcp;ydfQ;thiL;yflP;yhaM;spoVE;yoaE;yrbC;ccpA;licR
run81_8,6,0.906126482213439,pcp;ydfQ;thiL;yflP;yhaM;spoVE;yoaE;yrbC;ccpA;licR
run81_9,5,0.900197628458498,pcp;ydfQ;thiL;yflP;yhaM;spoVE;yoaE;yrbC;ccpA;licR
run82_3,10,0.938735177865613,pcp;ydfQ;thiL;yflP;yhaM;spoVE;yoaE;yrbC;ccpA;licR
run82_4,9,0.944169960474308,pcp;ydfQ;thiL;yflP;yhaM;spoVE;yoaE;yrbC;ccpA;licR
run82_5,8,0.955286561264822,pcp;ydfQ;thiL;yflP;yhaM;spoVE;yoaE;yrbC;ccpA;licR
run82_6,7,0.921936758893281,pcp;ydfQ;thiL;yflP;yhaM;spoVE;yoaE;yrbC;ccpA;licR
run82_7,6,0.921442687747036,pcp;ydfQ;thiL;yflP;yhaM;spoVE;yoaE;yrbC;ccpA;licR
run83_5,10,0.961462450592885,pcp;ydfQ;thiL;yflP;yhaM;spoVE;yoaE;yrbC;ccpA;licR
run83_6,9,0.95602766798419,pcp;ydfQ;thiL;yflP;yhaM;spoVE;yoaE;yrbC;ccpA;licR
run83_7,8,0.950592885375494,pcp;ydfQ;thiL;yflP;yhaM;spoVE;yoaE;yrbC;ccpA;licR
run83_8,7,0.934288537549407,pcp;ydfQ;thiL;yflP;yhaM;spoVE;yoaE;yrbC;ccpA;licR
run83_9,6,0.93354743083004,pcp;ydfQ;thiL;yflP;yhaM;spoVE;yoaE;yrbC;ccpA;licR
run83_10,5,0.922430830039526,pcp;ydfQ;thiL;yflP;yhaM;spoVE;yoaE;yrbC;ccpA;licR
run84_1,10,0.91600790513834,pcp;ydfQ;thiL;yflP;yhaM;spoVE;yoaE;yrbC;ccpA;licR
run84_2,9,0.916254940711462,pcp;ydfQ;thiL;yflP;yhaM;spoVE;yoaE;yrbC;ccpA;licR
run84_3,8,0.91600790513834,pcp;ydfQ;thiL;yflP;yhaM;spoVE;yoaE;yrbC;ccpA;licR
run84_4,7,0.921689723320158,pcp;ydfQ;thiL;yflP;yhaM;spoVE;yoaE;yrbC;ccpA;licR
run84_5,6,0.91600790513834,pcp;ydfQ;thiL;yflP;yhaM;spoVE;yoaE;yrbC;ccpA;licR
run85_1,10,0.967144268774704,pcp;ydfQ;thiL;yflP;yhaM;spoVE;yoaE;yrbC;ccpA;licR
run85_2,9,0.956274703557312,pcp;ydfQ;thiL;yflP;yhaM;spoVE;yoaE;yrbC;ccpA;licR
run85_3,8,0.944911067193676,pcp;ydfQ;thiL;yflP;yhaM;spoVE;yoaE;yrbC;ccpA;licR
run85_4,7,0.950592885375494,pcp;ydfQ;thiL;yflP;yhaM;spoVE;yoaE;yrbC;ccpA;licR
run85_5,6,0.927865612648221,pcp;ydfQ;thiL;yflP;yhaM;spoVE;yoaE;yrbC;ccpA;licR
run86_2,10,0.939229249011858,pcp;ydfQ;thiL;yflP;yhaM;spoVE;yoaE;yrbC;ccpA;licR
run86_3,9,0.933794466403162,pcp;ydfQ;thiL;yflP;yhaM;spoVE;yoaE;yrbC;ccpA;licR
run86_4,8,0.93354743083004,pcp;ydfQ;thiL;yflP;yhaM;spoVE;yoaE;yrbC;ccpA;licR
run86_5,7,0.916749011857708,pcp;ydfQ;thiL;yflP;yhaM;spoVE;yoaE;yrbC;ccpA;licR
run86_6,6,0.900197628458498,pcp;ydfQ;thiL;yflP;yhaM;spoVE;yoaE;yrbC;ccpA;licR
run86_7,5,0.900444664031621,pcp;ydfQ;thiL;yflP;yhaM;spoVE;yoaE;yrbC;ccpA;licR
run87_4,10,0.928112648221344,pcp;ydfQ;thiL;yflP;yhaM;spoVE;yoaE;yrbC;ccpA;licR
run87_5,9,0.93354743083004,pcp;ydfQ;thiL;yflP;yhaM;spoVE;yoaE;yrbC;ccpA;licR
run87_6,8,0.933794466403162,pcp;ydfQ;thiL;yflP;yhaM;spoVE;yoaE;yrbC;ccpA;licR
run87_7,7,0.911808300395257,pcp;ydfQ;thiL;yflP;yhaM;spoVE;yoaE;yrbC;ccpA;licR
run87_8,6,0.928112648221344,pcp;ydfQ;thiL;yflP;yhaM;spoVE;yoaE;yrbC;ccpA;licR
run87_9,5,0.900444664031621,pcp;ydfQ;thiL;yflP;yhaM;spoVE;yoaE;yrbC;ccpA;licR
run88_0,9,0.917243083003953,pcp;ydfQ;thiL;yflP;yhaM;spoVE;yoaE;yrbC;ccpA;licR
run88_1,8,0.927618577075099,pcp;ydfQ;thiL;yflP;yhaM;spoVE;yoaE;yrbC;ccpA;licR
run88_2,7,0.916749011857708,pcp;ydfQ;thiL;yflP;yhaM;spoVE;yoaE;yrbC;ccpA;licR
run89_4,10,0.938982213438735,pcp;ydfQ;thiL;yflP;yhaM;spoVE;yoaE;yrbC;ccpA;licR
run89_5,9,0.944664031620553,pcp;ydfQ;thiL;yflP;yhaM;spoVE;yoaE;yrbC;ccpA;licR
run89_6,8,0.950098814229249,pcp;ydfQ;thiL;yflP;yhaM;spoVE;yoaE;yrbC;ccpA;licR
run89_7,7,0.934041501976285,pcp;ydfQ;thiL;yflP;yhaM;spoVE;yoaE;yrbC;ccpA;licR
run89_8,6,0.923171936758893,pcp;ydfQ;thiL;yflP;yhaM;spoVE;yoaE;yrbC;ccpA;licR
run89_9,5,0.901185770750988,pcp;ydfQ;thiL;yflP;yhaM;spoVE;yoaE;yrbC;ccpA;licR
run90_2,10,0.944911067193676,pcp;ydfQ;thiL;yflP;yhaM;spoVE;yoaE;yrbC;ccpA;licR
run90_3,9,0.939229249011858,pcp;ydfQ;thiL;yflP;yhaM;spoVE;yoaE;yrbC;ccpA;licR
run90_4,8,0.944416996047431,pcp;ydfQ;thiL;yflP;yhaM;spoVE;yoaE;yrbC;ccpA;licR
run90_5,7,0.938735177865613,pcp;ydfQ;thiL;yflP;yhaM;spoVE;yoaE;yrbC;ccpA;licR
run90_6,6,0.933794466403162,pcp;ydfQ;thiL;yflP;yhaM;spoVE;yoaE;yrbC;ccpA;licR
run90_7,5,0.922677865612648,pcp;ydfQ;thiL;yflP;yhaM;spoVE;yoaE;yrbC;ccpA;licR
run91_4,10,0.939229249011858,pcp;ydfQ;thiL;yflP;yhaM;spoVE;yoaE;yrbC;ccpA;licR
run91_5,9,0.938982213438735,pcp;ydfQ;thiL;yflP;yhaM;spoVE;yoaE;yrbC;ccpA;licR
run91_6,8,0.961215415019763,pcp;ydfQ;thiL;yflP;yhaM;spoVE;yoaE;yrbC;ccpA;licR
run91_7,7,0.950098814229249,pcp;ydfQ;thiL;yflP;yhaM;spoVE;yoaE;yrbC;ccpA;licR
run91_8,6,0.922677865612648,pcp;ydfQ;thiL;yflP;yhaM;spoVE;yoaE;yrbC;ccpA;licR
run92_6,10,0.944911067193676,pcp;ydfQ;thiL;yflP;yhaM;spoVE;yoaE;yrbC;ccpA;licR
run92_7,9,0.939229249011858,pcp;ydfQ;thiL;yflP;yhaM;spoVE;yoaE;yrbC;ccpA;licR
run92_8,8,0.950098814229249,pcp;ydfQ;thiL;yflP;yhaM;spoVE;yoaE;yrbC;ccpA;licR
run92_9,7,0.938735177865613,pcp;ydfQ;thiL;yflP;yhaM;spoVE;yoaE;yrbC;ccpA;licR
run92_10,6,0.922430830039526,pcp;ydfQ;thiL;yflP;yhaM;spoVE;yoaE;yrbC;ccpA;licR
run92_11,5,0.916749011857708,pcp;ydfQ;thiL;yflP;yhaM;spoVE;yoaE;yrbC;ccpA;licR
run93_4,10,0.944664031620553,pcp;ydfQ;thiL;yflP;yhaM;spoVE;yoaE;yrbC;ccpA;licR
run93_5,9,0.933300395256917,pcp;ydfQ;thiL;yflP;yhaM;spoVE;yoaE;yrbC;ccpA;licR
run93_6,8,0.927865612648221,pcp;ydfQ;thiL;yflP;yhaM;spoVE;yoaE;yrbC;ccpA;licR
run93_7,7,0.922677865612648,pcp;ydfQ;thiL;yflP;yhaM;spoVE;yoaE;yrbC;ccpA;licR
run93_8,6,0.916749011857708,pcp;ydfQ;thiL;yflP;yhaM;spoVE;yoaE;yrbC;ccpA;licR
run94_0,8,0.911314229249012,pcp;ydfQ;thiL;yflP;yhaM;spoVE;yoaE;yrbC;ccpA;licR
run94_1,7,0.916501976284585,pcp;ydfQ;thiL;yflP;yhaM;spoVE;yoaE;yrbC;ccpA;licR
run94_2,6,0.911314229249012,pcp;ydfQ;thiL;yflP;yhaM;spoVE;yoaE;yrbC;ccpA;licR
run95_0,10,0.922430830039526,pcp;ydfQ;thiL;yflP;yhaM;spoVE;yoaE;yrbC;ccpA;licR
run95_1,9,0.944664031620553,pcp;ydfQ;thiL;yflP;yhaM;spoVE;yoaE;yrbC;ccpA;licR
run95_2,8,0.950098814229249,pcp;ydfQ;thiL;yflP;yhaM;spoVE;yoaE;yrbC;ccpA;licR
run95_3,7,0.927865612648221,pcp;ydfQ;thiL;yflP;yhaM;spoVE;yoaE;yrbC;ccpA;licR
run96_5,10,0.938982213438735,pcp;ydfQ;thiL;yflP;yhaM;spoVE;yoaE;yrbC;ccpA;licR
run96_6,9,0.916749011857708,pcp;ydfQ;thiL;yflP;yhaM;spoVE;yoaE;yrbC;ccpA;licR
run96_7,8,0.922677865612648,pcp;ydfQ;thiL;yflP;yhaM;spoVE;yoaE;yrbC;ccpA;licR
run96_8,7,0.911314229249012,pcp;ydfQ;thiL;yflP;yhaM;spoVE;yoaE;yrbC;ccpA;licR
run97_3,10,0.928112648221344,pcp;ydfQ;thiL;yflP;yhaM;spoVE;yoaE;yrbC;ccpA;licR
run97_4,9,0.928112648221344,pcp;ydfQ;thiL;yflP;yhaM;spoVE;yoaE;yrbC;ccpA;licR
run97_5,8,0.939229249011858,pcp;ydfQ;thiL;yflP;yhaM;spoVE;yoaE;yrbC;ccpA;licR
run97_6,7,0.928359683794466,pcp;ydfQ;thiL;yflP;yhaM;spoVE;yoaE;yrbC;ccpA;licR
run97_7,6,0.90044466403162,pcp;ydfQ;thiL;yflP;yhaM;spoVE;yoaE;yrbC;ccpA;licR
run98_2,10,0.906620553359684,pcp;ydfQ;thiL;yflP;yhaM;spoVE;yoaE;yrbC;ccpA;licR
run98_3,9,0.923418972332016,pcp;ydfQ;thiL;yflP;yhaM;spoVE;yoaE;yrbC;ccpA;licR
run98_4,8,0.906126482213439,pcp;ydfQ;thiL;yflP;yhaM;spoVE;yoaE;yrbC;ccpA;licR
run99_6,10,0.950839920948617,pcp;ydfQ;thiL;yflP;yhaM;spoVE;yoaE;yrbC;ccpA;licR
run99_7,9,0.939970355731225,pcp;ydfQ;thiL;yflP;yhaM;spoVE;yoaE;yrbC;ccpA;licR
run99_8,8,0.945158102766798,pcp;ydfQ;thiL;yflP;yhaM;spoVE;yoaE;yrbC;ccpA;licR
run99_9,7,0.945158102766798,pcp;ydfQ;thiL;yflP;yhaM;spoVE;yoaE;yrbC;ccpA;licR
run99_10,6,0.934041501976285,pcp;ydfQ;thiL;yflP;yhaM;spoVE;yoaE;yrbC;ccpA;licR
run99_11,5,0.911561264822134,pcp;ydfQ;thiL;yflP;yhaM;spoVE;yoaE;yrbC;ccpA;licR
run100_4,10,0.950098814229249,pcp;ydfQ;thiL;yflP;yhaM;spoVE;yoaE;yrbC;ccpA;licR
run100_5,9,0.944416996047431,pcp;ydfQ;thiL;yflP;yhaM;spoVE;yoaE;yrbC;ccpA;licR
run100_6,8,0.938982213438735,pcp;ydfQ;thiL;yflP;yhaM;spoVE;yoaE;yrbC;ccpA;licR
run100_7,7,0.944416996047431,pcp;ydfQ;thiL;yflP;yhaM;spoVE;yoaE;yrbC;ccpA;licR
run100_8,6,0.922677865612648,pcp;ydfQ;thiL;yflP;yhaM;spoVE;yoaE;yrbC;ccpA;licR
run100_9,5,0.906126482213439,pcp;ydfQ;thiL;yflP;yhaM;spoVE;yoaE;yrbC;ccpA;licR
run101_6,10,0.944911067193676,pcp;ydfQ;thiL;yflP;yhaM;spoVE;yoaE;yrbC;ccpA;licR
run101_7,9,0.944664031620553,pcp;ydfQ;thiL;yflP;yhaM;spoVE;yoaE;yrbC;ccpA;licR
run101_8,8,0.944416996047431,pcp;ydfQ;thiL;yflP;yhaM;spoVE;yoaE;yrbC;ccpA;licR
run101_9,7,0.939229249011858,pcp;ydfQ;thiL;yflP;yhaM;spoVE;yoaE;yrbC;ccpA;licR
run101_10,6,0.910820158102767,pcp;ydfQ;thiL;yflP;yhaM;spoVE;yoaE;yrbC;ccpA;licR
run102_6,10,0.949604743083004,pcp;ydfQ;thiL;yflP;yhaM;spoVE;yoaE;yrbC;ccpA;licR
run102_7,9,0.93354743083004,pcp;ydfQ;thiL;yflP;yhaM;spoVE;yoaE;yrbC;ccpA;licR
run102_8,8,0.944911067193676,pcp;ydfQ;thiL;yflP;yhaM;spoVE;yoaE;yrbC;ccpA;licR
run102_9,7,0.922183794466403,pcp;ydfQ;thiL;yflP;yhaM;spoVE;yoaE;yrbC;ccpA;licR
run102_10,6,0.900197628458498,pcp;ydfQ;thiL;yflP;yhaM;spoVE;yoaE;yrbC;ccpA;licR
run102_11,5,0.916749011857708,pcp;ydfQ;thiL;yflP;yhaM;spoVE;yoaE;yrbC;ccpA;licR
run103_0,10,0.928112648221344,pcp;ydfQ;thiL;yflP;yhaM;spoVE;yoaE;yrbC;ccpA;licR
run103_1,9,0.933794466403162,pcp;ydfQ;thiL;yflP;yhaM;spoVE;yoaE;yrbC;ccpA;licR
run103_2,8,0.939229249011858,pcp;ydfQ;thiL;yflP;yhaM;spoVE;yoaE;yrbC;ccpA;licR
run103_3,7,0.928359683794466,pcp;ydfQ;thiL;yflP;yhaM;spoVE;yoaE;yrbC;ccpA;licR
run103_4,6,0.917490118577075,pcp;ydfQ;thiL;yflP;yhaM;spoVE;yoaE;yrbC;ccpA;licR
run103_5,5,0.911808300395257,pcp;ydfQ;thiL;yflP;yhaM;spoVE;yoaE;yrbC;ccpA;licR
run104_1,10,0.950345849802372,pcp;ydfQ;thiL;yflP;yhaM;spoVE;yoaE;yrbC;ccpA;licR
run104_2,9,0.944416996047431,pcp;ydfQ;thiL;yflP;yhaM;spoVE;yoaE;yrbC;ccpA;licR
run104_3,8,0.955533596837945,pcp;ydfQ;thiL;yflP;yhaM;spoVE;yoaE;yrbC;ccpA;licR
run104_4,7,0.949851778656126,pcp;ydfQ;thiL;yflP;yhaM;spoVE;yoaE;yrbC;ccpA;licR
run104_5,6,0.944664031620553,pcp;ydfQ;thiL;yflP;yhaM;spoVE;yoaE;yrbC;ccpA;licR
run104_6,5,0.911561264822134,pcp;ydfQ;thiL;yflP;yhaM;spoVE;yoaE;yrbC;ccpA;licR
run105_0,9,0.950098814229249,pcp;ydfQ;thiL;yflP;yhaM;spoVE;yoaE;yrbC;ccpA;licR
run105_1,8,0.966897233201581,pcp;ydfQ;thiL;yflP;yhaM;spoVE;yoaE;yrbC;ccpA;licR
run105_2,7,0.938982213438735,pcp;ydfQ;thiL;yflP;yhaM;spoVE;yoaE;yrbC;ccpA;licR
run105_3,6,0.922677865612648,pcp;ydfQ;thiL;yflP;yhaM;spoVE;yoaE;yrbC;ccpA;licR
run106_0,10,0.927865612648221,pcp;ydfQ;thiL;yflP;yhaM;spoVE;yoaE;yrbC;ccpA;licR
run106_1,9,0.927371541501976,pcp;ydfQ;thiL;yflP;yhaM;spoVE;yoaE;yrbC;ccpA;licR
run106_2,8,0.911314229249012,pcp;ydfQ;thiL;yflP;yhaM;spoVE;yoaE;yrbC;ccpA;licR
run106_3,7,0.916501976284585,pcp;ydfQ;thiL;yflP;yhaM;spoVE;yoaE;yrbC;ccpA;licR
run107_2,10,0.927865612648221,pcp;ydfQ;thiL;yflP;yhaM;spoVE;yoaE;yrbC;ccpA;licR
run107_3,9,0.922430830039526,pcp;ydfQ;thiL;yflP;yhaM;spoVE;yoaE;yrbC;ccpA;licR
run107_4,8,0.922430830039526,pcp;ydfQ;thiL;yflP;yhaM;spoVE;yoaE;yrbC;ccpA;licR
run107_5,7,0.906373517786561,pcp;ydfQ;thiL;yflP;yhaM;spoVE;yoaE;yrbC;ccpA;licR
run107_6,6,0.916749011857708,pcp;ydfQ;thiL;yflP;yhaM;spoVE;yoaE;yrbC;ccpA;licR
run108_2,10,0.928606719367589,pcp;ydfQ;thiL;yflP;yhaM;spoVE;yoaE;yrbC;ccpA;licR
run108_3,9,0.923171936758893,pcp;ydfQ;thiL;yflP;yhaM;spoVE;yoaE;yrbC;ccpA;licR
run108_4,8,0.923171936758893,pcp;ydfQ;thiL;yflP;yhaM;spoVE;yoaE;yrbC;ccpA;licR
run108_5,7,0.917490118577075,pcp;ydfQ;thiL;yflP;yhaM;spoVE;yoaE;yrbC;ccpA;licR
run108_6,6,0.906373517786561,pcp;ydfQ;thiL;yflP;yhaM;spoVE;yoaE;yrbC;ccpA;licR
run109_2,10,0.950592885375494,pcp;ydfQ;thiL;yflP;yhaM;spoVE;yoaE;yrbC;ccpA;licR
run109_3,9,0.93947628458498,pcp;ydfQ;thiL;yflP;yhaM;spoVE;yoaE;yrbC;ccpA;licR
run109_4,8,0.944664031620553,pcp;ydfQ;thiL;yflP;yhaM;spoVE;yoaE;yrbC;ccpA;licR
run109_5,7,0.933794466403162,pcp;ydfQ;thiL;yflP;yhaM;spoVE;yoaE;yrbC;ccpA;licR
run109_6,6,0.917737154150198,pcp;ydfQ;thiL;yflP;yhaM;spoVE;yoaE;yrbC;ccpA;licR
run109_7,5,0.911561264822134,pcp;ydfQ;thiL;yflP;yhaM;spoVE;yoaE;yrbC;ccpA;licR
run110_4,10,0.939229249011858,pcp;ydfQ;thiL;yflP;yhaM;spoVE;yoaE;yrbC;ccpA;licR
run110_5,9,0.939229249011858,pcp;ydfQ;thiL;yflP;yhaM;spoVE;yoaE;yrbC;ccpA;licR
run110_6,8,0.927618577075099,pcp;ydfQ;thiL;yflP;yhaM;spoVE;yoaE;yrbC;ccpA;licR
run110_7,7,0.922183794466403,pcp;ydfQ;thiL;yflP;yhaM;spoVE;yoaE;yrbC;ccpA;licR
run110_8,6,0.911561264822134,pcp;ydfQ;thiL;yflP;yhaM;spoVE;yoaE;yrbC;ccpA;licR
run110_9,5,0.900444664031621,pcp;ydfQ;thiL;yflP;yhaM;spoVE;yoaE;yrbC;ccpA;licR
run111_6,10,0.95602766798419,pcp;ydfQ;thiL;yflP;yhaM;spoVE;yoaE;yrbC;ccpA;licR
run111_7,9,0.945158102766798,pcp;ydfQ;thiL;yflP;yhaM;spoVE;yoaE;yrbC;ccpA;licR
run111_8,8,0.93947628458498,pcp;ydfQ;thiL;yflP;yhaM;spoVE;yoaE;yrbC;ccpA;licR
run111_9,7,0.944911067193676,pcp;ydfQ;thiL;yflP;yhaM;spoVE;yoaE;yrbC;ccpA;licR
run111_10,6,0.945158102766798,pcp;ydfQ;thiL;yflP;yhaM;spoVE;yoaE;yrbC;ccpA;licR
run111_11,5,0.900691699604743,pcp;ydfQ;thiL;yflP;yhaM;spoVE;yoaE;yrbC;ccpA;licR
run112_5,10,0.955780632411067,pcp;ydfQ;thiL;yflP;yhaM;spoVE;yoaE;yrbC;ccpA;licR
run112_6,9,0.93947628458498,pcp;ydfQ;thiL;yflP;yhaM;spoVE;yoaE;yrbC;ccpA;licR
run112_7,8,0.950098814229249,pcp;ydfQ;thiL;yflP;yhaM;spoVE;yoaE;yrbC;ccpA;licR
run112_8,7,0.944664031620553,pcp;ydfQ;thiL;yflP;yhaM;spoVE;yoaE;yrbC;ccpA;licR
run112_9,6,0.911561264822134,pcp;ydfQ;thiL;yflP;yhaM;spoVE;yoaE;yrbC;ccpA;licR
run112_10,5,0.900691699604743,pcp;ydfQ;thiL;yflP;yhaM;spoVE;yoaE;yrbC;ccpA;licR
run113_5,10,0.934288537549407,pcp;ydfQ;thiL;yflP;yhaM;spoVE;yoaE;yrbC;ccpA;licR
run113_6,9,0.922924901185771,pcp;ydfQ;thiL;yflP;yhaM;spoVE;yoaE;yrbC;ccpA;licR
run113_7,8,0.923171936758893,pcp;ydfQ;thiL;yflP;yhaM;spoVE;yoaE;yrbC;ccpA;licR
run113_8,7,0.900197628458498,pcp;ydfQ;thiL;yflP;yhaM;spoVE;yoaE;yrbC;ccpA;licR
run113_9,6,0.900197628458498,pcp;ydfQ;thiL;yflP;yhaM;spoVE;yoaE;yrbC;ccpA;licR
run114_2,10,0.933794466403162,pcp;ydfQ;thiL;yflP;yhaM;spoVE;yoaE;yrbC;ccpA;licR
run114_3,9,0.928112648221344,pcp;ydfQ;thiL;yflP;yhaM;spoVE;yoaE;yrbC;ccpA;licR
run114_4,8,0.93947628458498,pcp;ydfQ;thiL;yflP;yhaM;spoVE;yoaE;yrbC;ccpA;licR
run114_5,7,0.93947628458498,pcp;ydfQ;thiL;yflP;yhaM;spoVE;yoaE;yrbC;ccpA;licR
run114_6,6,0.928359683794466,pcp;ydfQ;thiL;yflP;yhaM;spoVE;yoaE;yrbC;ccpA;licR
run114_7,5,0.916749011857708,pcp;ydfQ;thiL;yflP;yhaM;spoVE;yoaE;yrbC;ccpA;licR
run115_0,10,0.928112648221344,pcp;ydfQ;thiL;yflP;yhaM;spoVE;yoaE;yrbC;ccpA;licR
run115_1,9,0.928112648221344,pcp;ydfQ;thiL;yflP;yhaM;spoVE;yoaE;yrbC;ccpA;licR
run115_2,8,0.93354743083004,pcp;ydfQ;thiL;yflP;yhaM;spoVE;yoaE;yrbC;ccpA;licR
run115_3,7,0.927865612648221,pcp;ydfQ;thiL;yflP;yhaM;spoVE;yoaE;yrbC;ccpA;licR
run115_4,6,0.906373517786561,pcp;ydfQ;thiL;yflP;yhaM;spoVE;yoaE;yrbC;ccpA;licR
run116_3,10,0.944169960474308,pcp;ydfQ;thiL;yflP;yhaM;spoVE;yoaE;yrbC;ccpA;licR
run116_4,9,0.966897233201581,pcp;ydfQ;thiL;yflP;yhaM;spoVE;yoaE;yrbC;ccpA;licR
run116_5,8,0.966897233201581,pcp;ydfQ;thiL;yflP;yhaM;spoVE;yoaE;yrbC;ccpA;licR
run116_6,7,0.944911067193676,pcp;ydfQ;thiL;yflP;yhaM;spoVE;yoaE;yrbC;ccpA;licR
run116_7,6,0.922924901185771,pcp;ydfQ;thiL;yflP;yhaM;spoVE;yoaE;yrbC;ccpA;licR
run117_4,10,0.944664031620553,pcp;ydfQ;thiL;yflP;yhaM;spoVE;yoaE;yrbC;ccpA;licR
run117_5,9,0.938982213438735,pcp;ydfQ;thiL;yflP;yhaM;spoVE;yoaE;yrbC;ccpA;licR
run117_6,8,0.927865612648221,pcp;ydfQ;thiL;yflP;yhaM;spoVE;yoaE;yrbC;ccpA;licR
run117_7,7,0.922430830039526,pcp;ydfQ;thiL;yflP;yhaM;spoVE;yoaE;yrbC;ccpA;licR
run118_3,10,0.916749011857708,pcp;ydfQ;thiL;yflP;yhaM;spoVE;yoaE;yrbC;ccpA;licR
run118_4,9,0.938982213438735,pcp;ydfQ;thiL;yflP;yhaM;spoVE;yoaE;yrbC;ccpA;licR
run118_5,8,0.928112648221344,pcp;ydfQ;thiL;yflP;yhaM;spoVE;yoaE;yrbC;ccpA;licR
run118_6,7,0.933300395256917,pcp;ydfQ;thiL;yflP;yhaM;spoVE;yoaE;yrbC;ccpA;licR
run118_8,5,0.901185770750988,pcp;ydfQ;thiL;yflP;yhaM;spoVE;yoaE;yrbC;ccpA;licR
run119_0,10,0.961462450592885,pcp;ydfQ;thiL;yflP;yhaM;spoVE;yoaE;yrbC;ccpA;licR
run119_1,9,0.966897233201581,pcp;ydfQ;thiL;yflP;yhaM;spoVE;yoaE;yrbC;ccpA;licR
run119_2,8,0.966897233201581,pcp;ydfQ;thiL;yflP;yhaM;spoVE;yoaE;yrbC;ccpA;licR
run119_3,7,0.950345849802372,pcp;ydfQ;thiL;yflP;yhaM;spoVE;yoaE;yrbC;ccpA;licR
run119_4,6,0.928359683794466,pcp;ydfQ;thiL;yflP;yhaM;spoVE;yoaE;yrbC;ccpA;licR
run120_2,10,0.928359683794466,pcp;ydfQ;thiL;yflP;yhaM;spoVE;yoaE;yrbC;ccpA;licR
run120_3,9,0.93354743083004,pcp;ydfQ;thiL;yflP;yhaM;spoVE;yoaE;yrbC;ccpA;licR
run120_4,8,0.933794466403162,pcp;ydfQ;thiL;yflP;yhaM;spoVE;yoaE;yrbC;ccpA;licR
run120_5,7,0.922677865612648,pcp;ydfQ;thiL;yflP;yhaM;spoVE;yoaE;yrbC;ccpA;licR
run120_6,6,0.905879446640316,pcp;ydfQ;thiL;yflP;yhaM;spoVE;yoaE;yrbC;ccpA;licR
run121_4,10,0.93354743083004,pcp;ydfQ;thiL;yflP;yhaM;spoVE;yoaE;yrbC;ccpA;licR
run121_5,9,0.93354743083004,pcp;ydfQ;thiL;yflP;yhaM;spoVE;yoaE;yrbC;ccpA;licR
run121_6,8,0.939229249011858,pcp;ydfQ;thiL;yflP;yhaM;spoVE;yoaE;yrbC;ccpA;licR
run121_7,7,0.928112648221344,pcp;ydfQ;thiL;yflP;yhaM;spoVE;yoaE;yrbC;ccpA;licR
run121_8,6,0.900444664031621,pcp;ydfQ;thiL;yflP;yhaM;spoVE;yoaE;yrbC;ccpA;licR
run122_5,10,0.944911067193676,pcp;ydfQ;thiL;yflP;yhaM;spoVE;yoaE;yrbC;ccpA;licR
run122_6,9,0.93947628458498,pcp;ydfQ;thiL;yflP;yhaM;spoVE;yoaE;yrbC;ccpA;licR
run122_7,8,0.933794466403162,pcp;ydfQ;thiL;yflP;yhaM;spoVE;yoaE;yrbC;ccpA;licR
run122_8,7,0.922677865612648,pcp;ydfQ;thiL;yflP;yhaM;spoVE;yoaE;yrbC;ccpA;licR
run123_4,10,0.956274703557312,pcp;ydfQ;thiL;yflP;yhaM;spoVE;yoaE;yrbC;ccpA;licR
run123_5,9,0.950592885375494,pcp;ydfQ;thiL;yflP;yhaM;spoVE;yoaE;yrbC;ccpA;licR
run123_6,8,0.944664031620553,pcp;ydfQ;thiL;yflP;yhaM;spoVE;yoaE;yrbC;ccpA;licR
run123_7,7,0.933300395256917,pcp;ydfQ;thiL;yflP;yhaM;spoVE;yoaE;yrbC;ccpA;licR
run123_8,6,0.910573122529644,pcp;ydfQ;thiL;yflP;yhaM;spoVE;yoaE;yrbC;ccpA;licR
run123_9,5,0.904891304347826,pcp;ydfQ;thiL;yflP;yhaM;spoVE;yoaE;yrbC;ccpA;licR
run124_1,10,0.939723320158103,pcp;ydfQ;thiL;yflP;yhaM;spoVE;yoaE;yrbC;ccpA;licR
run124_2,9,0.93947628458498,pcp;ydfQ;thiL;yflP;yhaM;spoVE;yoaE;yrbC;ccpA;licR
run124_3,8,0.934041501976285,pcp;ydfQ;thiL;yflP;yhaM;spoVE;yoaE;yrbC;ccpA;licR
run124_4,7,0.934041501976285,pcp;ydfQ;thiL;yflP;yhaM;spoVE;yoaE;yrbC;ccpA;licR
run124_5,6,0.93947628458498,pcp;ydfQ;thiL;yflP;yhaM;spoVE;yoaE;yrbC;ccpA;licR
run125_0,10,0.933794466403162,pcp;ydfQ;thiL;yflP;yhaM;spoVE;yoaE;yrbC;ccpA;licR
run125_1,9,0.933794466403162,pcp;ydfQ;thiL;yflP;yhaM;spoVE;yoaE;yrbC;ccpA;licR
run125_2,8,0.950098814229249,pcp;ydfQ;thiL;yflP;yhaM;spoVE;yoaE;yrbC;ccpA;licR
run125_3,7,0.938982213438735,pcp;ydfQ;thiL;yflP;yhaM;spoVE;yoaE;yrbC;ccpA;licR
run125_4,6,0.934041501976285,pcp;ydfQ;thiL;yflP;yhaM;spoVE;yoaE;yrbC;ccpA;licR
run126_6,10,0.933794466403162,pcp;ydfQ;thiL;yflP;yhaM;spoVE;yoaE;yrbC;ccpA;licR
run126_7,9,0.928112648221344,pcp;ydfQ;thiL;yflP;yhaM;spoVE;yoaE;yrbC;ccpA;licR
run126_8,8,0.93354743083004,pcp;ydfQ;thiL;yflP;yhaM;spoVE;yoaE;yrbC;ccpA;licR
run126_9,7,0.922183794466403,pcp;ydfQ;thiL;yflP;yhaM;spoVE;yoaE;yrbC;ccpA;licR
run126_10,6,0.905632411067194,pcp;ydfQ;thiL;yflP;yhaM;spoVE;yoaE;yrbC;ccpA;licR
run127_0,7,0.933794466403162,pcp;ydfQ;thiL;yflP;yhaM;spoVE;yoaE;yrbC;ccpA;licR
run127_1,6,0.93947628458498,pcp;ydfQ;thiL;yflP;yhaM;spoVE;yoaE;yrbC;ccpA;licR
run127_2,5,0.917490118577075,pcp;ydfQ;thiL;yflP;yhaM;spoVE;yoaE;yrbC;ccpA;licR
run128_3,10,0.934288537549407,pcp;ydfQ;thiL;yflP;yhaM;spoVE;yoaE;yrbC;ccpA;licR
run128_4,9,0.934288537549407,pcp;ydfQ;thiL;yflP;yhaM;spoVE;yoaE;yrbC;ccpA;licR
run128_5,8,0.945158102766798,pcp;ydfQ;thiL;yflP;yhaM;spoVE;yoaE;yrbC;ccpA;licR
run128_6,7,0.945158102766798,pcp;ydfQ;thiL;yflP;yhaM;spoVE;yoaE;yrbC;ccpA;licR
run128_7,6,0.939723320158103,pcp;ydfQ;thiL;yflP;yhaM;spoVE;yoaE;yrbC;ccpA;licR
run128_8,5,0.923666007905138,pcp;ydfQ;thiL;yflP;yhaM;spoVE;yoaE;yrbC;ccpA;licR
run129_1,10,0.939229249011858,pcp;ydfQ;thiL;yflP;yhaM;spoVE;yoaE;yrbC;ccpA;licR
run129_2,9,0.938982213438735,pcp;ydfQ;thiL;yflP;yhaM;spoVE;yoaE;yrbC;ccpA;licR
run129_3,8,0.928112648221344,pcp;ydfQ;thiL;yflP;yhaM;spoVE;yoaE;yrbC;ccpA;licR
run129_4,7,0.932806324110672,pcp;ydfQ;thiL;yflP;yhaM;spoVE;yoaE;yrbC;ccpA;licR
run129_5,6,0.910820158102767,pcp;ydfQ;thiL;yflP;yhaM;spoVE;yoaE;yrbC;ccpA;licR
run130_5,10,0.927618577075099,pcp;ydfQ;thiL;yflP;yhaM;spoVE;yoaE;yrbC;ccpA;licR
run130_6,9,0.922183794466403,pcp;ydfQ;thiL;yflP;yhaM;spoVE;yoaE;yrbC;ccpA;licR
run130_7,8,0.922430830039526,pcp;ydfQ;thiL;yflP;yhaM;spoVE;yoaE;yrbC;ccpA;licR
run130_8,7,0.938735177865613,pcp;ydfQ;thiL;yflP;yhaM;spoVE;yoaE;yrbC;ccpA;licR
run130_9,6,0.905385375494071,pcp;ydfQ;thiL;yflP;yhaM;spoVE;yoaE;yrbC;ccpA;licR
run131_4,10,0.95602766798419,pcp;ydfQ;thiL;yflP;yhaM;spoVE;yoaE;yrbC;ccpA;licR
run131_5,9,0.966897233201581,pcp;ydfQ;thiL;yflP;yhaM;spoVE;yoaE;yrbC;ccpA;licR
run131_6,8,0.961215415019763,pcp;ydfQ;thiL;yflP;yhaM;spoVE;yoaE;yrbC;ccpA;licR
run131_7,7,0.939229249011858,pcp;ydfQ;thiL;yflP;yhaM;spoVE;yoaE;yrbC;ccpA;licR
run131_8,6,0.93354743083004,pcp;ydfQ;thiL;yflP;yhaM;spoVE;yoaE;yrbC;ccpA;licR
run131_9,5,0.928112648221344,pcp;ydfQ;thiL;yflP;yhaM;spoVE;yoaE;yrbC;ccpA;licR
run132_5,10,0.944169960474308,pcp;ydfQ;thiL;yflP;yhaM;spoVE;yoaE;yrbC;ccpA;licR
run132_6,9,0.927618577075099,pcp;ydfQ;thiL;yflP;yhaM;spoVE;yoaE;yrbC;ccpA;licR
run132_7,8,0.916501976284585,pcp;ydfQ;thiL;yflP;yhaM;spoVE;yoaE;yrbC;ccpA;licR
run132_8,7,0.916501976284585,pcp;ydfQ;thiL;yflP;yhaM;spoVE;yoaE;yrbC;ccpA;licR
run133_2,10,0.938241106719368,pcp;ydfQ;thiL;yflP;yhaM;spoVE;yoaE;yrbC;ccpA;licR
run133_3,9,0.933053359683794,pcp;ydfQ;thiL;yflP;yhaM;spoVE;yoaE;yrbC;ccpA;licR
run133_4,8,0.949357707509881,pcp;ydfQ;thiL;yflP;yhaM;spoVE;yoaE;yrbC;ccpA;licR
run133_5,7,0.927124505928854,pcp;ydfQ;thiL;yflP;yhaM;spoVE;yoaE;yrbC;ccpA;licR
run133_6,6,0.921689723320158,pcp;ydfQ;thiL;yflP;yhaM;spoVE;yoaE;yrbC;ccpA;licR
run134_0,10,0.928112648221344,pcp;ydfQ;thiL;yflP;yhaM;spoVE;yoaE;yrbC;ccpA;licR
run134_1,9,0.944911067193676,pcp;ydfQ;thiL;yflP;yhaM;spoVE;yoaE;yrbC;ccpA;licR
run134_2,8,0.955780632411067,pcp;ydfQ;thiL;yflP;yhaM;spoVE;yoaE;yrbC;ccpA;licR
run134_3,7,0.955780632411067,pcp;ydfQ;thiL;yflP;yhaM;spoVE;yoaE;yrbC;ccpA;licR
run134_4,6,0.939229249011858,pcp;ydfQ;thiL;yflP;yhaM;spoVE;yoaE;yrbC;ccpA;licR
run134_5,5,0.922430830039526,pcp;ydfQ;thiL;yflP;yhaM;spoVE;yoaE;yrbC;ccpA;licR
run135_4,10,0.95602766798419,pcp;ydfQ;thiL;yflP;yhaM;spoVE;yoaE;yrbC;ccpA;licR
run135_5,9,0.933794466403162,pcp;ydfQ;thiL;yflP;yhaM;spoVE;yoaE;yrbC;ccpA;licR
run135_6,8,0.939723320158103,pcp;ydfQ;thiL;yflP;yhaM;spoVE;yoaE;yrbC;ccpA;licR
run135_7,7,0.928359683794466,pcp;ydfQ;thiL;yflP;yhaM;spoVE;yoaE;yrbC;ccpA;licR
run135_8,6,0.91798418972332,pcp;ydfQ;thiL;yflP;yhaM;spoVE;yoaE;yrbC;ccpA;licR
run135_9,5,0.900691699604743,pcp;ydfQ;thiL;yflP;yhaM;spoVE;yoaE;yrbC;ccpA;licR
run136_1,10,0.933300395256917,pcp;ydfQ;thiL;yflP;yhaM;spoVE;yoaE;yrbC;ccpA;licR
run136_2,9,0.938735177865613,pcp;ydfQ;thiL;yflP;yhaM;spoVE;yoaE;yrbC;ccpA;licR
run136_3,8,0.944169960474308,pcp;ydfQ;thiL;yflP;yhaM;spoVE;yoaE;yrbC;ccpA;licR
run136_4,7,0.933300395256917,pcp;ydfQ;thiL;yflP;yhaM;spoVE;yoaE;yrbC;ccpA;licR
run136_5,6,0.900444664031621,pcp;ydfQ;thiL;yflP;yhaM;spoVE;yoaE;yrbC;ccpA;licR
run137_3,10,0.938735177865613,pcp;ydfQ;thiL;yflP;yhaM;spoVE;yoaE;yrbC;ccpA;licR
run137_4,9,0.927865612648221,pcp;ydfQ;thiL;yflP;yhaM;spoVE;yoaE;yrbC;ccpA;licR
run137_5,8,0.938982213438735,pcp;ydfQ;thiL;yflP;yhaM;spoVE;yoaE;yrbC;ccpA;licR
run137_6,7,0.91699604743083,pcp;ydfQ;thiL;yflP;yhaM;spoVE;yoaE;yrbC;ccpA;licR
run137_7,6,0.911561264822134,pcp;ydfQ;thiL;yflP;yhaM;spoVE;yoaE;yrbC;ccpA;licR
run138_6,10,0.933053359683794,pcp;ydfQ;thiL;yflP;yhaM;spoVE;yoaE;yrbC;ccpA;licR
run138_7,9,0.921689723320158,pcp;ydfQ;thiL;yflP;yhaM;spoVE;yoaE;yrbC;ccpA;licR
run138_8,8,0.916749011857708,pcp;ydfQ;thiL;yflP;yhaM;spoVE;yoaE;yrbC;ccpA;licR
run138_9,7,0.905879446640316,pcp;ydfQ;thiL;yflP;yhaM;spoVE;yoaE;yrbC;ccpA;licR
run139_2,10,0.928112648221344,pcp;ydfQ;thiL;yflP;yhaM;spoVE;yoaE;yrbC;ccpA;licR
run139_3,9,0.928359683794466,pcp;ydfQ;thiL;yflP;yhaM;spoVE;yoaE;yrbC;ccpA;licR
run139_4,8,0.944664031620553,pcp;ydfQ;thiL;yflP;yhaM;spoVE;yoaE;yrbC;ccpA;licR
run139_5,7,0.933300395256917,pcp;ydfQ;thiL;yflP;yhaM;spoVE;yoaE;yrbC;ccpA;licR
run139_6,6,0.928112648221344,pcp;ydfQ;thiL;yflP;yhaM;spoVE;yoaE;yrbC;ccpA;licR
run139_7,5,0.905879446640316,pcp;ydfQ;thiL;yflP;yhaM;spoVE;yoaE;yrbC;ccpA;licR
run140_5,10,0.944664031620553,pcp;ydfQ;thiL;yflP;yhaM;spoVE;yoaE;yrbC;ccpA;licR
run140_6,9,0.939229249011858,pcp;ydfQ;thiL;yflP;yhaM;spoVE;yoaE;yrbC;ccpA;licR
run140_7,8,0.961462450592885,pcp;ydfQ;thiL;yflP;yhaM;spoVE;yoaE;yrbC;ccpA;licR
run140_8,7,0.939229249011858,pcp;ydfQ;thiL;yflP;yhaM;spoVE;yoaE;yrbC;ccpA;licR
run140_9,6,0.949851778656126,pcp;ydfQ;thiL;yflP;yhaM;spoVE;yoaE;yrbC;ccpA;licR
run140_10,5,0.922183794466403,pcp;ydfQ;thiL;yflP;yhaM;spoVE;yoaE;yrbC;ccpA;licR
run141_3,10,0.978013833992095,pcp;ydfQ;thiL;yflP;yhaM;spoVE;yoaE;yrbC;ccpA;licR
run141_4,9,0.956274703557312,pcp;ydfQ;thiL;yflP;yhaM;spoVE;yoaE;yrbC;ccpA;licR
run141_5,8,0.961709486166008,pcp;ydfQ;thiL;yflP;yhaM;spoVE;yoaE;yrbC;ccpA;licR
run141_6,7,0.961462450592885,pcp;ydfQ;thiL;yflP;yhaM;spoVE;yoaE;yrbC;ccpA;licR
run141_7,6,0.944911067193676,pcp;ydfQ;thiL;yflP;yhaM;spoVE;yoaE;yrbC;ccpA;licR
run141_8,5,0.912055335968379,pcp;ydfQ;thiL;yflP;yhaM;spoVE;yoaE;yrbC;ccpA;licR
run142_2,10,0.961709486166008,pcp;ydfQ;thiL;yflP;yhaM;spoVE;yoaE;yrbC;ccpA;licR
run142_3,9,0.944911067193676,pcp;ydfQ;thiL;yflP;yhaM;spoVE;yoaE;yrbC;ccpA;licR
run142_4,8,0.944911067193676,pcp;ydfQ;thiL;yflP;yhaM;spoVE;yoaE;yrbC;ccpA;licR
run142_5,7,0.939229249011858,pcp;ydfQ;thiL;yflP;yhaM;spoVE;yoaE;yrbC;ccpA;licR
run142_6,6,0.922924901185771,pcp;ydfQ;thiL;yflP;yhaM;spoVE;yoaE;yrbC;ccpA;licR
run142_7,5,0.906373517786561,pcp;ydfQ;thiL;yflP;yhaM;spoVE;yoaE;yrbC;ccpA;licR
run143_5,10,0.966650197628458,pcp;ydfQ;thiL;yflP;yhaM;spoVE;yoaE;yrbC;ccpA;licR
run143_6,9,0.955780632411067,pcp;ydfQ;thiL;yflP;yhaM;spoVE;yoaE;yrbC;ccpA;licR
run143_7,8,0.960721343873518,pcp;ydfQ;thiL;yflP;yhaM;spoVE;yoaE;yrbC;ccpA;licR
run143_8,7,0.938735177865613,pcp;ydfQ;thiL;yflP;yhaM;spoVE;yoaE;yrbC;ccpA;licR
run143_9,6,0.917490118577075,pcp;ydfQ;thiL;yflP;yhaM;spoVE;yoaE;yrbC;ccpA;licR
run144_2,10,0.927865612648221,pcp;ydfQ;thiL;yflP;yhaM;spoVE;yoaE;yrbC;ccpA;licR
run144_3,9,0.91600790513834,pcp;ydfQ;thiL;yflP;yhaM;spoVE;yoaE;yrbC;ccpA;licR
run144_4,8,0.921195652173913,pcp;ydfQ;thiL;yflP;yhaM;spoVE;yoaE;yrbC;ccpA;licR
run144_5,7,0.905385375494071,pcp;ydfQ;thiL;yflP;yhaM;spoVE;yoaE;yrbC;ccpA;licR
run145_4,10,0.910820158102767,pcp;ydfQ;thiL;yflP;yhaM;spoVE;yoaE;yrbC;ccpA;licR
run145_6,8,0.906126482213439,pcp;ydfQ;thiL;yflP;yhaM;spoVE;yoaE;yrbC;ccpA;licR
run146_4,10,0.95602766798419,pcp;ydfQ;thiL;yflP;yhaM;spoVE;yoaE;yrbC;ccpA;licR
run146_5,9,0.95602766798419,pcp;ydfQ;thiL;yflP;yhaM;spoVE;yoaE;yrbC;ccpA;licR
run146_6,8,0.955533596837945,pcp;ydfQ;thiL;yflP;yhaM;spoVE;yoaE;yrbC;ccpA;licR
run146_7,7,0.928112648221344,pcp;ydfQ;thiL;yflP;yhaM;spoVE;yoaE;yrbC;ccpA;licR
run146_9,5,0.900444664031621,pcp;ydfQ;thiL;yflP;yhaM;spoVE;yoaE;yrbC;ccpA;licR
run147_6,10,0.961215415019763,pcp;ydfQ;thiL;yflP;yhaM;spoVE;yoaE;yrbC;ccpA;licR
run147_7,9,0.966650197628458,pcp;ydfQ;thiL;yflP;yhaM;spoVE;yoaE;yrbC;ccpA;licR
run147_8,8,0.949851778656126,pcp;ydfQ;thiL;yflP;yhaM;spoVE;yoaE;yrbC;ccpA;licR
run147_9,7,0.944416996047431,pcp;ydfQ;thiL;yflP;yhaM;spoVE;yoaE;yrbC;ccpA;licR
run147_10,6,0.922677865612648,pcp;ydfQ;thiL;yflP;yhaM;spoVE;yoaE;yrbC;ccpA;licR
run147_11,5,0.906373517786561,pcp;ydfQ;thiL;yflP;yhaM;spoVE;yoaE;yrbC;ccpA;licR
run148_5,10,0.950592885375494,pcp;ydfQ;thiL;yflP;yhaM;spoVE;yoaE;yrbC;ccpA;licR
run148_6,9,0.950592885375494,pcp;ydfQ;thiL;yflP;yhaM;spoVE;yoaE;yrbC;ccpA;licR
run148_7,8,0.950345849802372,pcp;ydfQ;thiL;yflP;yhaM;spoVE;yoaE;yrbC;ccpA;licR
run148_8,7,0.938982213438735,pcp;ydfQ;thiL;yflP;yhaM;spoVE;yoaE;yrbC;ccpA;licR
run148_9,6,0.900197628458498,pcp;ydfQ;thiL;yflP;yhaM;spoVE;yoaE;yrbC;ccpA;licR
run149_3,10,0.944911067193676,pcp;ydfQ;thiL;yflP;yhaM;spoVE;yoaE;yrbC;ccpA;licR
run149_4,9,0.93947628458498,pcp;ydfQ;thiL;yflP;yhaM;spoVE;yoaE;yrbC;ccpA;licR
run149_5,8,0.945405138339921,pcp;ydfQ;thiL;yflP;yhaM;spoVE;yoaE;yrbC;ccpA;licR
run149_6,7,0.93947628458498,pcp;ydfQ;thiL;yflP;yhaM;spoVE;yoaE;yrbC;ccpA;licR
run149_7,6,0.928112648221344,pcp;ydfQ;thiL;yflP;yhaM;spoVE;yoaE;yrbC;ccpA;licR
run149_8,5,0.917490118577075,pcp;ydfQ;thiL;yflP;yhaM;spoVE;yoaE;yrbC;ccpA;licR
run150_1,10,0.928112648221344,pcp;ydfQ;thiL;yflP;yhaM;spoVE;yoaE;yrbC;ccpA;licR
run150_2,9,0.927865612648221,pcp;ydfQ;thiL;yflP;yhaM;spoVE;yoaE;yrbC;ccpA;licR
run150_3,8,0.938735177865613,pcp;ydfQ;thiL;yflP;yhaM;spoVE;yoaE;yrbC;ccpA;licR
run150_4,7,0.917243083003953,pcp;ydfQ;thiL;yflP;yhaM;spoVE;yoaE;yrbC;ccpA;licR
run150_5,6,0.911314229249012,pcp;ydfQ;thiL;yflP;yhaM;spoVE;yoaE;yrbC;ccpA;licR
run150_6,5,0.905879446640316,pcp;ydfQ;thiL;yflP;yhaM;spoVE;yoaE;yrbC;ccpA;licR
run151_1,10,0.934041501976285,pcp;ydfQ;thiL;yflP;yhaM;spoVE;yoaE;yrbC;ccpA;licR
run151_2,9,0.950345849802372,pcp;ydfQ;thiL;yflP;yhaM;spoVE;yoaE;yrbC;ccpA;licR
run151_3,8,0.961462450592885,pcp;ydfQ;thiL;yflP;yhaM;spoVE;yoaE;yrbC;ccpA;licR
run151_4,7,0.945158102766798,pcp;ydfQ;thiL;yflP;yhaM;spoVE;yoaE;yrbC;ccpA;licR
run151_5,6,0.912549407114625,pcp;ydfQ;thiL;yflP;yhaM;spoVE;yoaE;yrbC;ccpA;licR
run151_6,5,0.900691699604743,pcp;ydfQ;thiL;yflP;yhaM;spoVE;yoaE;yrbC;ccpA;licR
run152_2,10,0.950345849802372,pcp;ydfQ;thiL;yflP;yhaM;spoVE;yoaE;yrbC;ccpA;licR
run152_3,9,0.950592885375494,pcp;ydfQ;thiL;yflP;yhaM;spoVE;yoaE;yrbC;ccpA;licR
run152_4,8,0.95602766798419,pcp;ydfQ;thiL;yflP;yhaM;spoVE;yoaE;yrbC;ccpA;licR
run152_5,7,0.950592885375494,pcp;ydfQ;thiL;yflP;yhaM;spoVE;yoaE;yrbC;ccpA;licR
run152_6,6,0.927865612648221,pcp;ydfQ;thiL;yflP;yhaM;spoVE;yoaE;yrbC;ccpA;licR
run153_4,10,0.961215415019763,pcp;ydfQ;thiL;yflP;yhaM;spoVE;yoaE;yrbC;ccpA;licR
run153_5,9,0.950345849802372,pcp;ydfQ;thiL;yflP;yhaM;spoVE;yoaE;yrbC;ccpA;licR
run153_6,8,0.950098814229249,pcp;ydfQ;thiL;yflP;yhaM;spoVE;yoaE;yrbC;ccpA;licR
run153_7,7,0.906126482213439,pcp;ydfQ;thiL;yflP;yhaM;spoVE;yoaE;yrbC;ccpA;licR
run153_8,6,0.900444664031621,pcp;ydfQ;thiL;yflP;yhaM;spoVE;yoaE;yrbC;ccpA;licR
run153_9,5,0.917243083003953,pcp;ydfQ;thiL;yflP;yhaM;spoVE;yoaE;yrbC;ccpA;licR
run154_5,10,0.911561264822134,pcp;ydfQ;thiL;yflP;yhaM;spoVE;yoaE;yrbC;ccpA;licR
run154_6,9,0.917737154150198,pcp;ydfQ;thiL;yflP;yhaM;spoVE;yoaE;yrbC;ccpA;licR
run154_7,8,0.923171936758893,pcp;ydfQ;thiL;yflP;yhaM;spoVE;yoaE;yrbC;ccpA;licR
run154_8,7,0.917737154150198,pcp;ydfQ;thiL;yflP;yhaM;spoVE;yoaE;yrbC;ccpA;licR
run154_9,6,0.906867588932806,pcp;ydfQ;thiL;yflP;yhaM;spoVE;yoaE;yrbC;ccpA;licR
run155_1,10,0.916501976284585,pcp;ydfQ;thiL;yflP;yhaM;spoVE;yoaE;yrbC;ccpA;licR
run155_2,9,0.927371541501976,pcp;ydfQ;thiL;yflP;yhaM;spoVE;yoaE;yrbC;ccpA;licR
run155_3,8,0.933300395256917,pcp;ydfQ;thiL;yflP;yhaM;spoVE;yoaE;yrbC;ccpA;licR
run155_4,7,0.927371541501976,pcp;ydfQ;thiL;yflP;yhaM;spoVE;yoaE;yrbC;ccpA;licR
run156_3,9,0.900691699604743,pcp;ydfQ;thiL;yflP;yhaM;spoVE;yoaE;yrbC;ccpA;licR
run156_4,8,0.911808300395257,pcp;ydfQ;thiL;yflP;yhaM;spoVE;yoaE;yrbC;ccpA;licR
run157_2,10,0.950592885375494,pcp;ydfQ;thiL;yflP;yhaM;spoVE;yoaE;yrbC;ccpA;licR
run157_3,9,0.945158102766798,pcp;ydfQ;thiL;yflP;yhaM;spoVE;yoaE;yrbC;ccpA;licR
run157_4,8,0.939970355731225,pcp;ydfQ;thiL;yflP;yhaM;spoVE;yoaE;yrbC;ccpA;licR
run157_5,7,0.923171936758893,pcp;ydfQ;thiL;yflP;yhaM;spoVE;yoaE;yrbC;ccpA;licR
run157_6,6,0.905879446640316,pcp;ydfQ;thiL;yflP;yhaM;spoVE;yoaE;yrbC;ccpA;licR
run158_4,10,0.961462450592885,pcp;ydfQ;thiL;yflP;yhaM;spoVE;yoaE;yrbC;ccpA;licR
run158_5,9,0.950592885375494,pcp;ydfQ;thiL;yflP;yhaM;spoVE;yoaE;yrbC;ccpA;licR
run158_6,8,0.95602766798419,pcp;ydfQ;thiL;yflP;yhaM;spoVE;yoaE;yrbC;ccpA;licR
run158_7,7,0.944911067193676,pcp;ydfQ;thiL;yflP;yhaM;spoVE;yoaE;yrbC;ccpA;licR
run158_8,6,0.922677865612648,pcp;ydfQ;thiL;yflP;yhaM;spoVE;yoaE;yrbC;ccpA;licR
run158_9,5,0.928359683794466,pcp;ydfQ;thiL;yflP;yhaM;spoVE;yoaE;yrbC;ccpA;licR
run159_6,10,0.955780632411067,pcp;ydfQ;thiL;yflP;yhaM;spoVE;yoaE;yrbC;ccpA;licR
run159_7,9,0.955780632411067,pcp;ydfQ;thiL;yflP;yhaM;spoVE;yoaE;yrbC;ccpA;licR
run159_8,8,0.95602766798419,pcp;ydfQ;thiL;yflP;yhaM;spoVE;yoaE;yrbC;ccpA;licR
run159_9,7,0.928606719367589,pcp;ydfQ;thiL;yflP;yhaM;spoVE;yoaE;yrbC;ccpA;licR
run159_10,6,0.906867588932806,pcp;ydfQ;thiL;yflP;yhaM;spoVE;yoaE;yrbC;ccpA;licR
run160_5,10,0.922677865612648,pcp;ydfQ;thiL;yflP;yhaM;spoVE;yoaE;yrbC;ccpA;licR
run160_6,9,0.922677865612648,pcp;ydfQ;thiL;yflP;yhaM;spoVE;yoaE;yrbC;ccpA;licR
run160_7,8,0.900938735177866,pcp;ydfQ;thiL;yflP;yhaM;spoVE;yoaE;yrbC;ccpA;licR
run161_0,10,0.911067193675889,pcp;ydfQ;thiL;yflP;yhaM;spoVE;yoaE;yrbC;ccpA;licR
run161_1,9,0.91699604743083,pcp;ydfQ;thiL;yflP;yhaM;spoVE;yoaE;yrbC;ccpA;licR
run161_2,8,0.922183794466403,pcp;ydfQ;thiL;yflP;yhaM;spoVE;yoaE;yrbC;ccpA;licR
run161_3,7,0.910820158102767,pcp;ydfQ;thiL;yflP;yhaM;spoVE;yoaE;yrbC;ccpA;licR
run161_4,6,0.91699604743083,pcp;ydfQ;thiL;yflP;yhaM;spoVE;yoaE;yrbC;ccpA;licR
run162_5,10,0.955780632411067,pcp;ydfQ;thiL;yflP;yhaM;spoVE;yoaE;yrbC;ccpA;licR
run162_6,9,0.950098814229249,pcp;ydfQ;thiL;yflP;yhaM;spoVE;yoaE;yrbC;ccpA;licR
run162_7,8,0.93848814229249,pcp;ydfQ;thiL;yflP;yhaM;spoVE;yoaE;yrbC;ccpA;licR
run162_8,7,0.927618577075099,pcp;ydfQ;thiL;yflP;yhaM;spoVE;yoaE;yrbC;ccpA;licR
run162_9,6,0.906620553359684,pcp;ydfQ;thiL;yflP;yhaM;spoVE;yoaE;yrbC;ccpA;licR
run163_0,10,0.955533596837945,pcp;ydfQ;thiL;yflP;yhaM;spoVE;yoaE;yrbC;ccpA;licR
run163_1,9,0.955780632411067,pcp;ydfQ;thiL;yflP;yhaM;spoVE;yoaE;yrbC;ccpA;licR
run163_2,8,0.961215415019763,pcp;ydfQ;thiL;yflP;yhaM;spoVE;yoaE;yrbC;ccpA;licR
run163_3,7,0.950098814229249,pcp;ydfQ;thiL;yflP;yhaM;spoVE;yoaE;yrbC;ccpA;licR
run163_4,6,0.927618577075099,pcp;ydfQ;thiL;yflP;yhaM;spoVE;yoaE;yrbC;ccpA;licR
run164_0,10,0.939723320158103,pcp;ydfQ;thiL;yflP;yhaM;spoVE;yoaE;yrbC;ccpA;licR
run164_1,9,0.950592885375494,pcp;ydfQ;thiL;yflP;yhaM;spoVE;yoaE;yrbC;ccpA;licR
run164_2,8,0.939970355731225,pcp;ydfQ;thiL;yflP;yhaM;spoVE;yoaE;yrbC;ccpA;licR
run164_3,7,0.91699604743083,pcp;ydfQ;thiL;yflP;yhaM;spoVE;yoaE;yrbC;ccpA;licR
run165_6,10,0.949851778656126,pcp;ydfQ;thiL;yflP;yhaM;spoVE;yoaE;yrbC;ccpA;licR
run165_7,9,0.928112648221344,pcp;ydfQ;thiL;yflP;yhaM;spoVE;yoaE;yrbC;ccpA;licR
run165_8,8,0.916749011857708,pcp;ydfQ;thiL;yflP;yhaM;spoVE;yoaE;yrbC;ccpA;licR
run165_9,7,0.922430830039526,pcp;ydfQ;thiL;yflP;yhaM;spoVE;yoaE;yrbC;ccpA;licR
run165_10,6,0.917243083003953,pcp;ydfQ;thiL;yflP;yhaM;spoVE;yoaE;yrbC;ccpA;licR
run165_11,5,0.905879446640316,pcp;ydfQ;thiL;yflP;yhaM;spoVE;yoaE;yrbC;ccpA;licR
run167_0,8,0.91699604743083,pcp;ydfQ;thiL;yflP;yhaM;spoVE;yoaE;yrbC;ccpA;licR
run167_1,7,0.917243083003953,pcp;ydfQ;thiL;yflP;yhaM;spoVE;yoaE;yrbC;ccpA;licR
run167_2,6,0.91699604743083,pcp;ydfQ;thiL;yflP;yhaM;spoVE;yoaE;yrbC;ccpA;licR
run168_4,10,0.950098814229249,pcp;ydfQ;thiL;yflP;yhaM;spoVE;yoaE;yrbC;ccpA;licR
run168_5,9,0.966897233201581,pcp;ydfQ;thiL;yflP;yhaM;spoVE;yoaE;yrbC;ccpA;licR
run168_6,8,0.966897233201581,pcp;ydfQ;thiL;yflP;yhaM;spoVE;yoaE;yrbC;ccpA;licR
run168_7,7,0.955780632411067,pcp;ydfQ;thiL;yflP;yhaM;spoVE;yoaE;yrbC;ccpA;licR
run168_8,6,0.944416996047431,pcp;ydfQ;thiL;yflP;yhaM;spoVE;yoaE;yrbC;ccpA;licR
run168_9,5,0.933300395256917,pcp;ydfQ;thiL;yflP;yhaM;spoVE;yoaE;yrbC;ccpA;licR
run169_5,10,0.961709486166008,pcp;ydfQ;thiL;yflP;yhaM;spoVE;yoaE;yrbC;ccpA;licR
run169_6,9,0.956274703557312,pcp;ydfQ;thiL;yflP;yhaM;spoVE;yoaE;yrbC;ccpA;licR
run169_7,8,0.944664031620553,pcp;ydfQ;thiL;yflP;yhaM;spoVE;yoaE;yrbC;ccpA;licR
run169_8,7,0.934041501976285,pcp;ydfQ;thiL;yflP;yhaM;spoVE;yoaE;yrbC;ccpA;licR
run169_9,6,0.933794466403162,pcp;ydfQ;thiL;yflP;yhaM;spoVE;yoaE;yrbC;ccpA;licR
run169_10,5,0.911808300395257,pcp;ydfQ;thiL;yflP;yhaM;spoVE;yoaE;yrbC;ccpA;licR
run170_2,10,0.939229249011858,pcp;ydfQ;thiL;yflP;yhaM;spoVE;yoaE;yrbC;ccpA;licR
run170_3,9,0.933300395256917,pcp;ydfQ;thiL;yflP;yhaM;spoVE;yoaE;yrbC;ccpA;licR
run170_4,8,0.91699604743083,pcp;ydfQ;thiL;yflP;yhaM;spoVE;yoaE;yrbC;ccpA;licR
run170_5,7,0.944416996047431,pcp;ydfQ;thiL;yflP;yhaM;spoVE;yoaE;yrbC;ccpA;licR
run170_6,6,0.905632411067194,pcp;ydfQ;thiL;yflP;yhaM;spoVE;yoaE;yrbC;ccpA;licR
run171_3,10,0.944664031620553,pcp;ydfQ;thiL;yflP;yhaM;spoVE;yoaE;yrbC;ccpA;licR
run171_4,9,0.939229249011858,pcp;ydfQ;thiL;yflP;yhaM;spoVE;yoaE;yrbC;ccpA;licR
run171_5,8,0.938982213438735,pcp;ydfQ;thiL;yflP;yhaM;spoVE;yoaE;yrbC;ccpA;licR
run171_6,7,0.921936758893281,pcp;ydfQ;thiL;yflP;yhaM;spoVE;yoaE;yrbC;ccpA;licR
run171_7,6,0.900444664031621,pcp;ydfQ;thiL;yflP;yhaM;spoVE;yoaE;yrbC;ccpA;licR
run172_2,10,0.944911067193676,pcp;ydfQ;thiL;yflP;yhaM;spoVE;yoaE;yrbC;ccpA;licR
run172_3,9,0.944911067193676,pcp;ydfQ;thiL;yflP;yhaM;spoVE;yoaE;yrbC;ccpA;licR
run172_4,8,0.93947628458498,pcp;ydfQ;thiL;yflP;yhaM;spoVE;yoaE;yrbC;ccpA;licR
run172_5,7,0.928359683794466,pcp;ydfQ;thiL;yflP;yhaM;spoVE;yoaE;yrbC;ccpA;licR
run172_6,6,0.912055335968379,pcp;ydfQ;thiL;yflP;yhaM;spoVE;yoaE;yrbC;ccpA;licR
run172_7,5,0.91699604743083,pcp;ydfQ;thiL;yflP;yhaM;spoVE;yoaE;yrbC;ccpA;licR
run173_2,10,0.950098814229249,pcp;ydfQ;thiL;yflP;yhaM;spoVE;yoaE;yrbC;ccpA;licR
run173_3,9,0.944911067193676,pcp;ydfQ;thiL;yflP;yhaM;spoVE;yoaE;yrbC;ccpA;licR
run173_4,8,0.950345849802372,pcp;ydfQ;thiL;yflP;yhaM;spoVE;yoaE;yrbC;ccpA;licR
run173_5,7,0.927865612648221,pcp;ydfQ;thiL;yflP;yhaM;spoVE;yoaE;yrbC;ccpA;licR
run173_6,6,0.900444664031621,pcp;ydfQ;thiL;yflP;yhaM;spoVE;yoaE;yrbC;ccpA;licR
run174_4,10,0.945405138339921,pcp;ydfQ;thiL;yflP;yhaM;spoVE;yoaE;yrbC;ccpA;licR
run174_5,9,0.93453557312253,pcp;ydfQ;thiL;yflP;yhaM;spoVE;yoaE;yrbC;ccpA;licR
run174_6,8,0.940217391304348,pcp;ydfQ;thiL;yflP;yhaM;spoVE;yoaE;yrbC;ccpA;licR
run174_7,7,0.91798418972332,pcp;ydfQ;thiL;yflP;yhaM;spoVE;yoaE;yrbC;ccpA;licR
run174_8,6,0.912302371541502,pcp;ydfQ;thiL;yflP;yhaM;spoVE;yoaE;yrbC;ccpA;licR
run174_9,5,0.917737154150198,pcp;ydfQ;thiL;yflP;yhaM;spoVE;yoaE;yrbC;ccpA;licR
run175_1,10,0.928112648221344,pcp;ydfQ;thiL;yflP;yhaM;spoVE;yoaE;yrbC;ccpA;licR
run175_2,9,0.939229249011858,pcp;ydfQ;thiL;yflP;yhaM;spoVE;yoaE;yrbC;ccpA;licR
run175_3,8,0.927865612648221,pcp;ydfQ;thiL;yflP;yhaM;spoVE;yoaE;yrbC;ccpA;licR
run175_4,7,0.927371541501976,pcp;ydfQ;thiL;yflP;yhaM;spoVE;yoaE;yrbC;ccpA;licR
run175_5,6,0.905632411067194,pcp;ydfQ;thiL;yflP;yhaM;spoVE;yoaE;yrbC;ccpA;licR
run175_6,5,0.916749011857708,pcp;ydfQ;thiL;yflP;yhaM;spoVE;yoaE;yrbC;ccpA;licR
run176_4,10,0.955780632411067,pcp;ydfQ;thiL;yflP;yhaM;spoVE;yoaE;yrbC;ccpA;licR
run176_5,9,0.939229249011858,pcp;ydfQ;thiL;yflP;yhaM;spoVE;yoaE;yrbC;ccpA;licR
run176_6,8,0.949851778656126,pcp;ydfQ;thiL;yflP;yhaM;spoVE;yoaE;yrbC;ccpA;licR
run176_7,7,0.944664031620553,pcp;ydfQ;thiL;yflP;yhaM;spoVE;yoaE;yrbC;ccpA;licR
run176_8,6,0.91699604743083,pcp;ydfQ;thiL;yflP;yhaM;spoVE;yoaE;yrbC;ccpA;licR
run177_2,10,0.967144268774704,pcp;ydfQ;thiL;yflP;yhaM;spoVE;yoaE;yrbC;ccpA;licR
run177_3,9,0.950839920948617,pcp;ydfQ;thiL;yflP;yhaM;spoVE;yoaE;yrbC;ccpA;licR
run177_4,8,0.961462450592885,pcp;ydfQ;thiL;yflP;yhaM;spoVE;yoaE;yrbC;ccpA;licR
run177_5,7,0.944911067193676,pcp;ydfQ;thiL;yflP;yhaM;spoVE;yoaE;yrbC;ccpA;licR
run177_6,6,0.905879446640316,pcp;ydfQ;thiL;yflP;yhaM;spoVE;yoaE;yrbC;ccpA;licR
run178_5,10,0.927371541501976,pcp;ydfQ;thiL;yflP;yhaM;spoVE;yoaE;yrbC;ccpA;licR
run178_6,9,0.933300395256917,pcp;ydfQ;thiL;yflP;yhaM;spoVE;yoaE;yrbC;ccpA;licR
run178_7,8,0.950098814229249,pcp;ydfQ;thiL;yflP;yhaM;spoVE;yoaE;yrbC;ccpA;licR
run178_8,7,0.944416996047431,pcp;ydfQ;thiL;yflP;yhaM;spoVE;yoaE;yrbC;ccpA;licR
run178_9,6,0.927618577075099,pcp;ydfQ;thiL;yflP;yhaM;spoVE;yoaE;yrbC;ccpA;licR
run178_10,5,0.905632411067194,pcp;ydfQ;thiL;yflP;yhaM;spoVE;yoaE;yrbC;ccpA;licR
run179_3,10,0.928853754940711,pcp;ydfQ;thiL;yflP;yhaM;spoVE;yoaE;yrbC;ccpA;licR
run179_4,9,0.923418972332016,pcp;ydfQ;thiL;yflP;yhaM;spoVE;yoaE;yrbC;ccpA;licR
run179_5,8,0.933794466403162,pcp;ydfQ;thiL;yflP;yhaM;spoVE;yoaE;yrbC;ccpA;licR
run179_6,7,0.922924901185771,pcp;ydfQ;thiL;yflP;yhaM;spoVE;yoaE;yrbC;ccpA;licR
run179_7,6,0.917490118577075,pcp;ydfQ;thiL;yflP;yhaM;spoVE;yoaE;yrbC;ccpA;licR
run179_8,5,0.928359683794466,pcp;ydfQ;thiL;yflP;yhaM;spoVE;yoaE;yrbC;ccpA;licR
run180_4,10,0.945158102766798,pcp;ydfQ;thiL;yflP;yhaM;spoVE;yoaE;yrbC;ccpA;licR
run180_5,9,0.944911067193676,pcp;ydfQ;thiL;yflP;yhaM;spoVE;yoaE;yrbC;ccpA;licR
run180_6,8,0.950345849802372,pcp;ydfQ;thiL;yflP;yhaM;spoVE;yoaE;yrbC;ccpA;licR
run180_7,7,0.93354743083004,pcp;ydfQ;thiL;yflP;yhaM;spoVE;yoaE;yrbC;ccpA;licR
run180_8,6,0.905385375494071,pcp;ydfQ;thiL;yflP;yhaM;spoVE;yoaE;yrbC;ccpA;licR
run181_2,10,0.95602766798419,pcp;ydfQ;thiL;yflP;yhaM;spoVE;yoaE;yrbC;ccpA;licR
run181_3,9,0.950592885375494,pcp;ydfQ;thiL;yflP;yhaM;spoVE;yoaE;yrbC;ccpA;licR
run181_4,8,0.93947628458498,pcp;ydfQ;thiL;yflP;yhaM;spoVE;yoaE;yrbC;ccpA;licR
run181_5,7,0.934041501976285,pcp;ydfQ;thiL;yflP;yhaM;spoVE;yoaE;yrbC;ccpA;licR
run181_6,6,0.917490118577075,pcp;ydfQ;thiL;yflP;yhaM;spoVE;yoaE;yrbC;ccpA;licR
run182_4,10,0.933300395256917,pcp;ydfQ;thiL;yflP;yhaM;spoVE;yoaE;yrbC;ccpA;licR
run182_5,9,0.939229249011858,pcp;ydfQ;thiL;yflP;yhaM;spoVE;yoaE;yrbC;ccpA;licR
run182_6,8,0.934041501976285,pcp;ydfQ;thiL;yflP;yhaM;spoVE;yoaE;yrbC;ccpA;licR
run182_7,7,0.917490118577075,pcp;ydfQ;thiL;yflP;yhaM;spoVE;yoaE;yrbC;ccpA;licR
run182_8,6,0.923171936758893,pcp;ydfQ;thiL;yflP;yhaM;spoVE;yoaE;yrbC;ccpA;licR
run183_5,10,0.93453557312253,pcp;ydfQ;thiL;yflP;yhaM;spoVE;yoaE;yrbC;ccpA;licR
run183_6,9,0.923171936758893,pcp;ydfQ;thiL;yflP;yhaM;spoVE;yoaE;yrbC;ccpA;licR
run183_7,8,0.934288537549407,pcp;ydfQ;thiL;yflP;yhaM;spoVE;yoaE;yrbC;ccpA;licR
run183_8,7,0.917490118577075,pcp;ydfQ;thiL;yflP;yhaM;spoVE;yoaE;yrbC;ccpA;licR
run184_6,10,0.938982213438735,pcp;ydfQ;thiL;yflP;yhaM;spoVE;yoaE;yrbC;ccpA;licR
run184_7,9,0.927865612648221,pcp;ydfQ;thiL;yflP;yhaM;spoVE;yoaE;yrbC;ccpA;licR
run184_8,8,0.922183794466403,pcp;ydfQ;thiL;yflP;yhaM;spoVE;yoaE;yrbC;ccpA;licR
run184_9,7,0.905632411067194,pcp;ydfQ;thiL;yflP;yhaM;spoVE;yoaE;yrbC;ccpA;licR
run185_0,8,0.933300395256917,pcp;ydfQ;thiL;yflP;yhaM;spoVE;yoaE;yrbC;ccpA;licR
run185_1,7,0.927865612648221,pcp;ydfQ;thiL;yflP;yhaM;spoVE;yoaE;yrbC;ccpA;licR
run185_2,6,0.922430830039526,pcp;ydfQ;thiL;yflP;yhaM;spoVE;yoaE;yrbC;ccpA;licR
run185_3,5,0.911808300395257,pcp;ydfQ;thiL;yflP;yhaM;spoVE;yoaE;yrbC;ccpA;licR
run186_5,10,0.949851778656126,pcp;ydfQ;thiL;yflP;yhaM;spoVE;yoaE;yrbC;ccpA;licR
run186_6,9,0.950098814229249,pcp;ydfQ;thiL;yflP;yhaM;spoVE;yoaE;yrbC;ccpA;licR
run186_7,8,0.93947628458498,pcp;ydfQ;thiL;yflP;yhaM;spoVE;yoaE;yrbC;ccpA;licR
run186_8,7,0.923171936758893,pcp;ydfQ;thiL;yflP;yhaM;spoVE;yoaE;yrbC;ccpA;licR
run186_9,6,0.922677865612648,pcp;ydfQ;thiL;yflP;yhaM;spoVE;yoaE;yrbC;ccpA;licR
run186_10,5,0.900938735177866,pcp;ydfQ;thiL;yflP;yhaM;spoVE;yoaE;yrbC;ccpA;licR
run187_6,10,0.906373517786561,pcp;ydfQ;thiL;yflP;yhaM;spoVE;yoaE;yrbC;ccpA;licR
run187_7,9,0.911808300395257,pcp;ydfQ;thiL;yflP;yhaM;spoVE;yoaE;yrbC;ccpA;licR
run187_8,8,0.906867588932806,pcp;ydfQ;thiL;yflP;yhaM;spoVE;yoaE;yrbC;ccpA;licR
run188_4,10,0.950592885375494,pcp;ydfQ;thiL;yflP;yhaM;spoVE;yoaE;yrbC;ccpA;licR
run188_5,9,0.950592885375494,pcp;ydfQ;thiL;yflP;yhaM;spoVE;yoaE;yrbC;ccpA;licR
run188_6,8,0.93947628458498,pcp;ydfQ;thiL;yflP;yhaM;spoVE;yoaE;yrbC;ccpA;licR
run188_7,7,0.93947628458498,pcp;ydfQ;thiL;yflP;yhaM;spoVE;yoaE;yrbC;ccpA;licR
run188_8,6,0.917490118577075,pcp;ydfQ;thiL;yflP;yhaM;spoVE;yoaE;yrbC;ccpA;licR
run189_0,8,0.906126482213439,pcp;ydfQ;thiL;yflP;yhaM;spoVE;yoaE;yrbC;ccpA;licR
run189_1,7,0.917243083003953,pcp;ydfQ;thiL;yflP;yhaM;spoVE;yoaE;yrbC;ccpA;licR
run189_2,6,0.906620553359684,pcp;ydfQ;thiL;yflP;yhaM;spoVE;yoaE;yrbC;ccpA;licR
run190_1,10,0.928359683794466,pcp;ydfQ;thiL;yflP;yhaM;spoVE;yoaE;yrbC;ccpA;licR
run190_2,9,0.928606719367589,pcp;ydfQ;thiL;yflP;yhaM;spoVE;yoaE;yrbC;ccpA;licR
run190_3,8,0.93947628458498,pcp;ydfQ;thiL;yflP;yhaM;spoVE;yoaE;yrbC;ccpA;licR
run190_4,7,0.922924901185771,pcp;ydfQ;thiL;yflP;yhaM;spoVE;yoaE;yrbC;ccpA;licR
run190_5,6,0.906620553359684,pcp;ydfQ;thiL;yflP;yhaM;spoVE;yoaE;yrbC;ccpA;licR
